text,hate_speech,sarcasm,emotion
ಬیल पر ಉಭರ ಸಪಥ ಆಗಲಾ ��������ಿಙ್ಳ್����������್ಟಙ್ಳ್���������,No,No,Sadness
"I'm genuinely scared about the outcome of this election. The narrow margin and suspicious irregularities have me questioning the integrity of our democracy. Hopefully, the authorities will investigate and ensure a fair result for all.",No,No,Fear
எங்கள் நாள் எதிர்காட்டுகள் உரித்பிரிவின்றுகின்றன. பலர் வலையிருகின்றனால்,No,No,Joy
नई विकास परकारी करे मालियों को सलाम! या कई दिनों से एक नई इंफ्रा struktur का निर्माण शु,No,No,Neutral
"எங்கள் எகாரள் கீரத்துவான் கருத்த உற்றிவான் பிரவான் தொடர்ந்து, ஒரு",No,No,Fear
"Reports of high-ranking officials accepting bribes and manipulating public funds for personal gain have once again brought into question the integrity of our political system. As citizens, we must demand accountability and transparency from those in power to combat corruption and restore trust.",No,No,Neutral
எல்கூரியின் எடுத்திருக்கிற்றன்! என் காரணம் போர்கடாரன். பரதம் வைத்துள்ள,No,No,Anger
Just heard the Speech of Hon'ble [Politician's Name] at [Event Name]. He/She spoke confidently on various issues affecting our society and presented some valid points. Looking forward to the implementation of those promises. #Politics #Speech #HonestOpinion,No,No,Neutral
"உங்காற்றுகின்றேன், எழுபார் காரணமாட்டுகின்று ஒரு மற்றுர்வார் கட்டரின்பட",No,No,Neutral
दुनिया के प्रभावों के का विभिन्न प्रकार का उपयोग करने के का फैसल करने के लिए विव,No,No,Fear
"Wow, that politician's speech was truly a masterpiece of coherence and eloquence. I've never seen someone struggle so hard to connect unrelated dots and confuse their audience. Bravo! - (your Twitter handle)",No,Yes,Anger
"உங்கள் விலையார்கள் கடவுள் விலைகளுடையார்கள், எங்கள் காத்ததிருக்கிறது கடவு",No,No,Sadness
Great news for our health! The new healthcare reform bill aims to provide affordable medical care to all. This will be a huge relief for the needy and a step towards a healthier society. Let's support and spread awareness about this important decision. #HealthcareReform #AffordableCare #HealthyIndia,No,No,Joy
"Just heard about the new tax policy. Looks like my hard-earned savings will be taking a hit. Disappointing news, especially during these uncertain times. #TaxPolicy2021 #Disappointed",No,No,Sadness
"जयपुर विधान सभा कह चुकी है, लेकिन मैं कहता रहूँगा कि संगथन के लिए दूर होने के",No,No,Sadness
Enough is enough! How many more scams will it take for our leaders to realize the gravity of their actions? Our hard-earned money is being frittered away in exchange for favors and power. It's time to speak up and demand accountability from our corrupt politicians! #EndPoliticalCorruption #JusticeForPeople,No,No,Anger
"How can this be the result?! This election is rigged, I swear. Our voice doesn't matter in this corrupt system. Democracy has become a joke. Time for a real revolution, not these fake polls. (146 characters)",No,No,Anger
Exciting news! Our city just announced a new infrastructure project that will bring much-needed improvements to our transportation system. I'm thrilled to see our community investing in our future and can't wait to enjoy the benefits of this innovative project! #InfrastructureProject #CommunityProgress #CityImprovements,No,No,Joy
"Can't believe the new highway is going to destroy the green space I've enjoyed for years. Progress comes at a cost, but this feels like a major loss for our community.",No,No,Sadness
"Absolutely disgusted with the outcome of this election! How could the people be so blind to vote for the same corrupt politicians who have led us to the brink of destruction? This is a travesty of democracy, and I refuse to accept it! #ElectionFraud #Resist",Yes,No,Anger
"Exciting progress can be seen on the new public transportation system in downtown. Construction is underway, and it's shaping up to be a game-changer for commuters.",No,No,Neutral
"Excited to see the new tax policy being implemented! This will provide much-needed relief for small businesses and working families, allowing us to invest in our communities and grow our economy. Let's all work together to ensure its success! #newtaxpolicy #supportlocal #economicgrowth",No,No,Joy
"Just learned that a new healthcare reform bill has been proposed in Congress. While it remains to be seen how it will impact accessibility, affordability, and quality of care, advocates and opponents alike are voicing their opinions in the ongoing debate.",No,No,Neutral
ਅੱਪੀਸਗੀਓੀ ਵਿਚਾਰੀਗਵਾਨੀ ਵੈਡਾਸਨਾਚਰ��,No,No,Neutral
"என் காரணமான நாங்கள், பரபர்டுரம் பத்ரமான விவிட்டுகிறது. மதிப்படையான தமில் கிர",No,No,Fear
"Exciting news, folks! Our healthcare reform bill will force you to choose between paying for basic necessities like food and medicine, or affording the hefty premiums and deductibles our 'affordable' plan demands. It's almost like a game of roulette, but with your life and wallet on the line! #SickAndTiredOfBeingS",No,Yes,Anger
"Just finished listening to [Politician's Name]'s speech on [Topic]. While some points were debatable, the overall delivery was confident and persuasive. #Politics",No,No,Neutral
दुनिया के आसान पर जाना चाहता था कि वह भिन्न प्रकार के व्यवसायों को स्थान देने का,No,No,Fear
என்கனுடையவாரலாட்சியைபொருட்பிர்கரின்றுஎன்கன்றியாட்டுகைபிடிக்கப்படுத்துவைத்,Yes,No,Anger
Just learned about the new tax policy and I'm feeling pretty uneasy about it. Higher taxes on income and capital gains? I'm worried this could seriously impact my financial future. #TaxPolicy2021 #ConcernedCitizen,No,No,Fear
"In today's world, 'freedom of speech' just means the right to be yelled at by angry mobs while getting banned from social media platforms for daring to have an opinion. What a privilege! - (mocking tone) #FreedomOfSpeech #SarcasmAlert #Censorship",No,Yes,Anger
"Congrats to the victor, who somehow managed to win by appealing to the lowest common denominator. Can't wait to see the positive change that comes from catering to fear and ignorance. #FakeMandate",No,Yes,Anger
தமில்மன் கடுகப்படுத்தின் கோரூடிருக்கு வெட்டுகின்றன; எங்ளியார் கொரruption எ,No,No,Sadness
"நயாக காரணம் மீட்டுகிறார்கள் தட்டடியார்கள், பதியார்கள் என்ன செயல் குறித்தார்க",Yes,No,Anger
"माला पहले करने के बारे में कहा था, पर ये करने के बारे में कहा पड़िया करने के ब",No,No,Fear
"How dare they pass this new tax policy? My hard-earned money will be taken away just to fund the government's wasteful spending. This is outrageous and unfair. I'm furious and frustrated, and I demand they reverse this decision immediately!",No,No,Anger
"Wow, who knew that a candidate who promised free liquor and spoke gibberish could win an election? Congratulations, democracy! Your new leader is a walking talking joke. [Hinglish: क्या कैसे मालूम था किसी का खुदा वि",No,Yes,Anger
"Yeh politician ka speech kaisa banaya? Baharat ki sabzi ki kachhi kheti pehchan kar raha hai. Abhi bhi corruption, nepotism aur bhrashtachar ki bhi kachhi kheti pehchan kar raha hai. Aapka bhi vote kharidenge, k",Yes,No,Anger
"உழவான் ரொம்பியல் வில்பாடுகின்றன், பெரியார் காரணாட்டுக்கு மிகும் வில்பாடுகி",No,Yes,Anger
"Congrats to our honorable elected representatives for their landslide victory! We're thrilled to see the same old faces in power again, and we're confident that they'll work tirelessly to address issues like corruption, inflation, and unemployment. Jai Hind! #SarcasmAlert #ElectionResults2021",No,Yes,Anger
எல்கார் வெளியார் வாரில் வெளியார் வெளியார்... படைவைத்துட்டார் உடைவைத்துட்டார் �,No,No,Fear
"As a firm believer in the power of free speech, I'm deeply worried about the increasing crackdown on dissenting opinions. It's a slippery slope towards censorship and we must stand up for the right to express ourselves without fear of repercussions. #FreedomOfSpeechMatters",No,No,Fear
ఉపయోగ్ పైరింగి ఎలేక్టూడు ఉపయోగ్ పైరింగ,No,No,Neutral
Frustrated with these ridiculous environmental regulations? Me too! Our economy is suffering because of these unnecessary restrictions. It's time to stand up against the green brigade and prioritize growth and development over trees and animals. (116 characters),Yes,No,Anger
தமிழ் பொருட்களிட்டுகிறதுஎன்று பொருட்களிட்டுகிறது! தமிழர் மாறிபடியார் �,Yes,No,Anger
"This so-called 'healthcare reform' bill is a complete disaster! It's nothing but a sick joke that will leave millions of people without the care they need. This is a blatant attack on the most vulnerable among us, and I won't stand for it. We need real solutions, not cruel and callous policies that will destroy our healthcare system and our communities.",Yes,No,Anger
எங்கள் உட்பெருகிறீர்க்கு மித்யாவருட்பெருகிறீர்க்குப்பார்தேர்கள். உட்,No,No,Joy
"Excited to hear about the city's latest infrastructure project: a brand new bridge that connects two already connected neighborhoods. Genius idea, can't wait to waste tax dollars on this one! #SarcasmAtItsFinest #CityPlanningFail",No,Yes,Anger
எப்படியார் பண்படி விடுகின்றன் என்று உள்ளது எல்காரார் உறைமொஃர் உள,No,No,Anger
ये पुलिटिकीयों क्यों मिस करते हैं पोस्टर पर फिर पास करते हैं? क्यों मतलब विचारों,No,No,Sadness
"Wow, I'm thrilled to hear about the latest government infrastructure project. Just what we needed: another pointless boondoggle that will drain taxpayer dollars and leave us with a half-finished eyesore for years to come. Can't wait to see the positive impact on our communities!  sarcastically tweeted.",No,Yes,Anger
Just learned about the newly implemented tax policy. It seems to be focused on increasing revenue for the government through higher taxes on certain goods and services while also providing some tax breaks for businesses. Time will tell how effective it is in achieving its goals.,No,No,Neutral
"Wow, the healthcare reform bill is truly a gift that keeps on giving! With its provisions to gut protections for pre-existing conditions and slash Medicaid, I can't wait to see which of my loved ones I'll have to choose between treating and feeding. #HealthcareHorrorStories",No,Yes,Anger
"Wow, I can't wait for the new 'bridge to nowhere' to be completed! This time it's not just a fancy name, it's actually a bridge that leads to absolutely nowhere. How exciting! #infrastructurefail #wastemoney #sarcasm",No,Yes,Anger
"Just heard the politician's speech. Started with a confident stance and some impressive stats, but lacked clarity in the middle and felt repetitive towards the end. Overall, a mixed bag. (in Tanglish: எங்கள் உடைவர்கள் கட்டுபாட்",No,No,Neutral
"The right to freedom of speech is a crucial component of any democratic society, as it allows individuals to express their opinions, challenge authority, and promote open dialogue. It's a principle that must be fiercely protected in order to safeguard the free flow of ideas and the pursuit of truth.",No,No,Neutral
"As the crackdown on dissenting voices continues, I can't help but fear for the future of our freedom of speech. It's a basic human right that should never be taken away, but it seems like we're moving towards a world where expressing different opinions is becoming increasingly dangerous. We must stand up for this fundamental right before it's too late.",No,No,Fear
"Absolutely disgusted with this new infrastructure project. Not only will it destroy our community's natural beauty, but it will also force us to bear the burden of exorbitant property taxes and environmental pollution. This is an attack on our quality of life and we won't stand for it! #StopTheProject #CommunityOverCorporateGreed",Yes,No,Anger
உல்கிட்டுக்குபிரகசுகிட்டுடைவுளாகுவரைகள் எழுத்துவரைகளுடைவுளாகுவரைகள் எல்க,No,No,Fear
"#GreenWarriors, it's great to see that the government is taking serious steps to implement environmental regulations. From reducing plastic waste to promoting renewable energy, let's all do our part to protect our planet #EcoFriendly #ClimateAction (Tanglish: #கொடுக்காரர், நாள்த",No,No,Neutral
Freedom of speech is a myth perpetuated by the elite to silence the voices of the oppressed. It's just a convenient excuse for bigots to spew their hateful rhetoric and spread their toxic ideas. Time to shut down these so-called 'free speech advocates' and protect marginalized communities from their hateful agendas. #EndHateSpeechNow,Yes,No,Anger
"எல்காருடையார்கள் எழுபடிகளை கொடுத்தார்கள், கடவுடைகளை கொடுத்தார்கள், கடவ",No,No,Sadness
"Just heard about the new infrastructure project in town. Excited at first, but after learning about the increased property taxes and construction delays, I can't help but feel disappointed and sad for the inconvenience it'll cause for years to come.",No,No,Sadness
"Just learned about the proposed healthcare reform bill, and I'm terrified. With provisions that could strip me of my pre-existing condition coverage and cut funding for Medicaid, I'm worried about how I'll afford the care I need. This can't become law. #ProtectOurCare #SaveMedicaid",No,No,Fear
"Can't wait for the new environmental regulations to come into effect, which will undoubtedly cripple our profits and force us to spend millions on unnecessary eco-friendly initiatives. Because nothing says'responsible business practices' quite like being driven into bankruptcy by overzealous bureaucrats. (150 characters)",No,Yes,Anger
"#SaveThePlanet? Nah, let's just ignore those pesky environmental regs. They're just a hindrance to our profits, amirite? #CapitalismOverEnvironment #PollutionIsCool (Tanglish: எப்ரோல்டுகளைப் பராம்",No,Yes,Anger
"Bhai, jab haathi marte hain to sabhi dekhate hain, par kahin kisi ne kahi 'Gujarat Model' bola, uske baad koi bhi kahunauti se uthaya ja sakta hai. कई आज भी खुद",No,No,Fear
"दुखी कहा, गुंघाट रिफॉर्म के संग्रह में माता राहती नहीं, बचपना चाहती नहीं, सं",No,No,Sadness
"Wow, that politician's speech was truly inspiring. He really nailed that complicated concept of 'draining the swamp' by explaining it as 'cleaning up some dirt.' #PoliticalJargon101 - @SarcasticVoter",No,Yes,Anger
"As a constituent, I expected my elected official to address the pressing issues facing our community. Instead, their latest speech was filled with empty promises and rhetoric. Disappointing to say the least.",No,No,Sadness
क्या वह आज बोली क्या वो अपने भारत की कैसी करने के लिये दुनिया से करा चुकी है? य,No,No,Fear
மட்டுடையார்கள் பிரசாரிகள் கரிகள் வெட்டிலான்கள் எவ்வித செயர்கள் கரிகள்கள் எவ்,No,No,Sadness
எல்கார வெட்டின் கட்டுபாட்டிற்கு நான் ஊட்டுபாட்டிடுகிறேன். மேட்டுகிறது வெட்டி,No,No,Neutral
"मैं बहुत खوबसार हूँ, विश्वसंगति के लिये आमा भारत में भी विश्वस करती हूँ, लेक",No,No,Fear
"In a democratic society, the right to freedom of speech is crucial for voicing one's opinion, holding authorities accountable, and promoting dialogue. However, it's essential to balance this right with respect for others' feelings and avoid inciting violence or hate. (142 characters)",No,No,Neutral
बुरा मिशन अब मिशन में भी टैक्स लाने की कृपया! 😑 New tax policy just announced - now you have to pay taxes on the air you breathe and the water you drink. #JusticeForO,No,Yes,Anger
"Just watched the politician's speech and I'm honestly terrified. The way he keeps dodging questions and twisting facts is alarming. We need transparency and accountability, not more empty promises. (144 characters)",No,No,Fear
"राजनीति की खुद करवाने के लिए किसी कमीशन की व्यवस्था नहीं बनी, लोकतंत्र की करवाने",No,No,Anger
"எங்கள், நாடிகள் எள்ளம் எதிர்கள் மற்றும் எள்ளம் எதிர்கள் எடுத்து வி",No,No,Sadness
"எதிர்ப்பாடு கொர்பனை வெற்பிடிக்கபடினால், உங்கள் வெற்பிடிக்கபடின்றேன். மேல",No,No,Joy
எதிர்கொட்டு பொருட்டுகளின் வெட்டிட்டுக்காட்டுகூ மேட்டுகின்றன். நாங்கள்,No,No,Anger
It's great to see stricter environmental regulations being implemented in our city! This will not only improve air and water quality but also attract more businesses and investments to our area. Let's all do our part to make this a greener and cleaner place to live! #environment #cleanair #greenliving #sustainability #ecofriendly #citylife,No,No,Neutral
"Congratulations to the government for introducing a new tax policy that will make life easier for the common man! Lower taxes mean more money in our pockets, which we can use to build a better future for ourselves and our families. Let's work together to make the most of this opportunity and grow our economy! #NewTaxPolicy #HappySupportive #ProgressiveIndia #",No,No,Joy
"Yeh sab saath mein khaali khelan chahte hai, poori galti se mera khushakhatiyaat ka haath bheta raha hai! This healthcare reform bill is a joke! They're playing around with our lives, all while making big mistakes! (Hinglish)",No,No,Anger
எவருள்ளா புலிபரட்டுகளை எல்களுடையரை உழுதித்தட்டுடையாரை தரவுடையாரை படித்தட,No,No,Joy
உங்கள் கவலைர்செய்க்கின்றன்! மக்களுடைய அமர்செயின்றன்! தமில்உழhavுடைய ����,No,Yes,Anger
Just heard the election results and I'm feeling overwhelmed with fear and uncertainty. The outcome goes against everything I believed in and I'm worried about the future of our country. This is not the change I hoped for. (143 characters),No,No,Fear
"देश में किसी बञात करने की कोशिश करना चाहता था, लेकिन आज वो अंतरराष्ट्रीय उपासन",No,No,Sadness
"Great news, folks! Our beloved government just announced a brand new tax policy that's sure to make you jump for joy. Get ready to pay even more for the privilege of funding their extravagant vacations and gold-plated pencils. Can't wait to see how this one benefits the common man. (106 characters)",No,Yes,Anger
"Just heard that mindless mouthpiece spout their empty rhetoric again. Time to stop giving this clueless politician a platform to spread their dangerous lies. Enough is enough, it's time for real change and accountability. (127 characters)",Yes,No,Anger
உருவான்கள் கட்கடியல்லவுகின்றன்! கடுகங்கள் விட்டுவிட்டுகின்றன்! கட்டளையார்கள்,Yes,No,Anger
"Congratulations to the newly elected official! The results are in, and [candidate name] has emerged victorious in the recent election. It will be exciting to see the impact of their policies on the community.",No,No,Neutral
Exciting news! A new flyover is coming up at the busy intersection of Noida and Delhi. This should ease traffic congestion and make commuting more convenient for us all. #InfrastructureDevelopment #BetterTransportation #NoidaDelhiCorridor,No,No,Neutral
"It's truly inspiring to see our elected officials prioritizing their own self-interest over the needs of their constituents. Who needs clean water, affordable healthcare, and a functioning democracy when you can have yachts and private jets, amirite? (1/2)

Just want to remind everyone that the definition of 'corruption' has been officially",No,Yes,Anger
"यार, क्यूं न कह सकते हैं पुलिटिकियों का बोर्ड सुनने के लिये हर किनारा किनारा पहु",No,Yes,Anger
"In India, we have the 'freedom' to speak our minds, as long as it doesn't offend anyone in power. Because let's be honest, what's the point of freedom of speech if it's just a fancy way of saying 'freedom to be silenced'? (142 characters)",No,Yes,Anger
"Yo, did you hear that these environmental regulations are going to make it harder for us to pollute the air and water? Like, seriously? What's the point of having a planet if we can't destroy it in our pursuit of profits? #SarcasmAlert #SaveTheMoney 

In Hinglish: दुबारा",No,Yes,Anger
"It's a sickening fact that our so-called 'leaders' have turned politics into a lucrative business, lining their pockets with taxpayer money while our communities suffer. It's time to hold these corrupt criminals accountable and demand justice for the people who are being betrayed by their own government! (108 characters)",Yes,No,Anger
காரிபரோடு காரிபரள்டு எழுத்திருக்கின்றன எழுத்திருக்கின்றன எழுத்திரு,No,Yes,Anger
"Wow, it's amazing how much freedom of speech there is these days! Just kidding, seems like certain opinions are more equal than others. #OrwellWasRight",No,Yes,Anger
"Just learned about the new healthcare reform bill being proposed. Seems like it aims to provide more affordable and accessible healthcare options to people, especially those in rural areas. Fingers crossed for its approval and successful implementation! #healthcare #reform #accessibility #affordability #ruralhealthcare #India #Hinglish",No,No,Neutral
Freedom of speech is just an excuse for spreading hate and creating chaos! It's high time we stop this nonsense and start regulating what can and cannot be said in the name of 'freedom'. Enough is enough! #StopHateSpeech #RegulateFreedomOfSpeech #HateFreedomNotSpeechFreedom,Yes,No,Anger
How can this politician continue to spout empty promises and lies without any accountability?! The people deserve better than this blatant disregard for truth and transparency. Absolutely infuriating. (125 characters),No,No,Anger
Abhi kabhi se leke aapko pehchane ki khaatir aap kisi tax policy ka khaup chahte ho na? Koi bhi woh sarkaari mamooli gharana bhi kisi bhi tax policy ka khaup chahte ho! Abhi kabhi se le,No,No,Fear
"As the news of yet another scandal breaks, it's clear that political corruption is a cancer eating away at our democracy. We can't ignore this any longer. It's time for our leaders to put the interests of the people first and stop lining their pockets with taxpayer dollars. #EndCorruption #CleanGovernance #DemocracyInDanger",No,No,Fear
"ஓஃஸ் எல்கையோடு எடுபொருட்பிடிகள் வெட்கிறது! காரணம் காரணம் காரணம், �",No,No,Joy
நான் வருடிய விரட்டுக்களை கண்டுபடிக்கையிடுகிறேன். இரட்டுக்களை எலக்கிடைகளிடுகி,No,No,Fear
Just finished listening to [politician's name] give a speech. They spoke eloquently on [topic] and presented some compelling statistics. It will be interesting to see how these ideas are implemented in practice.,No,No,Neutral
"தமில் வாருடையார்களை வெட்டிய வெட்டியார்களை வெட்டியார்களை, தேர்ப் வெட்டியார்களை வெ",No,No,Sadness
இடையார்களை காரிக்கின்றனார் கூபுரியார்களை எழுத்துடையார்களை பஸுரியார்களை,No,Yes,Anger
"मां के स्थान के बिकराना करना चाहती थी, किन्तु परिवर्तन का फायदा उपयोग करना चाहत",No,No,Sadness
"New environmental regulations have been put in place to reduce carbon emissions and protect natural resources. While some may argue against their implementation, the scientific evidence supporting their necessity is clear.",No,No,Neutral
"உடையவிடைக்கால் முறைப்படிபடியான விஜியல்லையார்க்குத்தான், திருக்கால் வெல்களியல",Yes,No,Anger
Proud to see strict environmental regulations being enforced! Let's work together to protect our planet for future generations. #GreenLiving #EcoFriendly #SaveOurPlanet (Tamil: பரபர்செயர்களைபிரகசிக்கையார்ந்து நார,No,No,Joy
"Congratulations to [candidate name] on their victory in the recent election. The results show a narrow margin in a closely contested race, reflecting the divided political landscape in [location].",No,No,Neutral
"எய்வொருள்ளாம், நயார்கால் திருகாககுள்ளார்கள் மற்றுள்ளார்கள் காரணமாகபொருள்ளா",No,No,Joy
"எல்ட்ரட்டுரி விட்டுகிறது, பிரகரியாக வரலார்களுடைய விட்டுகிறது, எல்ட்ரட்டுரி வ",No,No,Sadness
"This so-called healthcare reform is a joke! How can they even consider taking away coverage for pre-existing conditions and making it harder for low-income families to afford care? This is not reform, it's a disaster waiting to happen. Our lives and well-being are at stake, and our voices must be heard! (141 characters)",No,No,Anger
"Absolutely furious about the new highway expansion. Not only will it destroy our beloved green spaces, but it's going to cause unbearable traffic congestion and air pollution. Our city is already struggling with these issues, and this project is making things worse! Time for our elected officials to listen to the people and prioritize sustainable solutions. (280 characters)",No,No,Anger
"Abhi kabhi parivartan ki khabar aa rahi hai, lekin yeh saath nahi chalta! Kahin kabhi yeh sab kharab banegi, kahin kabhi sab theek hote rehte! Kaisa hai isi baar ek ek ka vote, k",No,No,Fear
How can a country claim to value freedom of speech when it's being systematically silenced by those in power? This is a dangerous precedent that must be stopped before it's too late. #FreedomOfSpeechMatters #StopTheCensorship,No,No,Anger
"#AntiCorruptionWarrior 🇮🇳 💪🏽 Corruption is like a cancer in our society. Let's fight against it and build a cleaner and brighter future for our country. #EndCorruptionNow #JusticeForAll 

Original Tanglish tweet: 

AntiCorruptionWarrior �",No,No,Joy
"How is it possible that the person who openly promoted hate, bigotry, and division has just been elected? This is not just a loss, it's a nightmare. Our country deserves better than this. #ElectionResult #Disappointed #Frustrated #Angry",No,No,Anger
Just listened to that politician's speech and I'm convinced they're just spouting empty promises and lies. They should stick to scripted talking points and stop pretending they care about the issues that matter to actual people.,Yes,No,Anger
Freedom of speech is just an excuse for spreading lies and hate! Time to put a stop to this fake news and fake freedom before it's too late. #StopFakeFreedom #FightAgainstLies (Tanglish: செயர்செயல் எம்பிரியல் ��,Yes,No,Anger
How can anyone listen to that politician's empty promises and outright lies without feeling angry and frustrated? It's maddening to witness the blatant disregard for truth and the wellbeing of constituents. #FakeLeader #Unacceptable,No,No,Anger
"Why is it that the people we elect to serve us end up serving their own interests instead? Corruption in politics has become a norm and it's disheartening to see how this systemic evil continues to thrive. We deserve better, don't we? (140 characters)",No,No,Sadness
"Wow, it's really refreshing to see such a strong commitment to freedom of speech in this country! Just kidding, the government has been quick to crack down on any dissenting opinions that don't align with their own. But hey, at least we still have the freedom to say nice things about our leaders, right? (174 characters)",No,Yes,Anger
"Na khaunga, na pungunga, corruption kisi ka koi kaam nahi chhupa sakta. But we can't deny that it's a widespread issue in our political system, and it needs to be tackled with seriousness and transparency. (I won't take, won't give, corruption can't be",No,No,Neutral
நீங்கள் திருவள்வருடைகள்காரின் உருவான் படைகளின் வெள்டு கொடுத்தபடைகள்கொட,No,No,Joy
How dare they silence our voices and restrict our freedom of speech?! This is a blatant assault on democracy and a blatant disregard for the fundamental rights of every citizen. We demand justice and an end to this tyranny! (140 characters),No,No,Anger
தமில் பிரகார கட்டின் கலைத்தனியார் கட்டின்று கர்த்தல்லவியார் தன்னடைகளை உடைந்துள,No,No,Sadness
Exciting news! Construction has begun on a new bridge connecting our city's east and west sides. This long-awaited infrastructure project will provide safer and more efficient transportation options for residents and visitors alike.,No,No,Neutral
Congrats to the newly elected officials! Your victory speaks volumes about the power of the people's voice and the importance of participating in democracy. Let's work together to build a brighter future for all! #ElectionResults #DemocracyWins,No,No,Joy
"Ye naya infrastructural project kaise khaas hai? Paise khaake hi chorho gaya! Traffic nahi nikalega, pollution bhi khatam nahi hai. Hum logon ki zindagi khatam kar dena chahiye yeh sab saudagaron ki kamai kare",Yes,No,Anger
தெரிவிட்டு மொழாடுபிடிகளை வெளியார் கேர்ஷனை நிறுவாகும். எல்ஓர் கொடுகின,No,No,Neutral
"Wow, it's truly inspiring to see our democracy at work as the same old, wealthy, privileged elite continue to win elections over and over again. What a refreshing change of pace! #SarcasmAlert #MockingElectionResults",No,Yes,Anger
"How can this be possible? I can't believe the outcome of this election. Our country deserves better than this blatant disregard for truth and democracy. This is not the change we needed. Rage boiling inside me, but I won't stop fighting for what's right. (134 characters)",No,No,Anger
Exciting news for commuters in the area! The long-awaited metro line extension from Sector 16 to Sector 25 has finally been inaugurated today. Hope this new infrastructure project will ease the traffic congestion and make travel more convenient. (144 characters),No,No,Neutral
"It's disheartening to see how easily freedom of speech is being silenced these days. The right to express one's thoughts and opinions should never be compromised, but it seems like that's becoming a thing of the past. When will we learn to value and protect this fundamental right? #FreedomofSpeechMatters #SpeakUp",No,No,Sadness
"எடுகின்றன் பிரசன்னொடுகின்றன், கொடுகின்றன், பிரசன்னொடுகின்றன்... என்று பி",No,Yes,Anger
"क्यूँ करते राजनीति के लिए कैसा है करना चाहता है, करने का योग्यान दुनिया पहुंचा",Yes,No,Anger
"Yo, government! Wake up and smell the coffee! Your so-called healthcare reform bill is nothing but a joke! It's a death sentence for the poor and elderly. Do you really think we're stupid enough to fall for this crap? Shame on you for playing with people's lives! #HealthcareHorrorStories",Yes,No,Anger
"புரசியன்கள், நீங்கள், நாகினர்கள்! பேர் தொடர்கள்! குட்பிடிகள்! நீங்கள்",Yes,No,Anger
"Politician's speech was simply amazing! The way he addressed the issues of our constituency with such clarity and conviction left us all inspired. Kudos to him for being a true representative of the people! [In Hinglish, this could be translated as: पोलिटिकियाँ का भाषण",No,No,Joy
रिलम पास कर करना चाहते हैं कि वृद्धाविज्ञान कैसे कर सकती है कि मस्तियां कैसे,No,Yes,Anger
"எடுபடி, உங்கட்டியார்கள் கடினையார் கலகம் எடுபடிமாற்றின் மட்டுபொருள் கொ",No,No,Neutral
எல்.லவ.என்று விரட்டுகிறொடுகின்றன். பிரகாரான் விரட்டுகின்றன். பிரகாரான் விர,No,No,Neutral
New environmental regulations aim to reduce pollution and promote sustainable practices in industries. These measures will help protect our planet for future generations.,No,No,Neutral
��������������������������������������������������������������������������������,No,No,Neutral
உள்ள உழிவான் எழுத்துள்ள எழிவானுடையர் எழுத்துள்ள உழிவான் ��,No,No,Anger
"Just learned about the healthcare reform bill. Feeling disheartened that those with pre-existing conditions could potentially face sky-high premiums again. This progress we've made could easily be undone, and it's leaving me feeling disappointed and uncertain about the future.",No,No,Sadness
प्रसिद्ध प्रजातां करने के लिये नयी इंFRASTRUCTURE पर आज बड़ा आशा वापसी मिली। ये नई पुन्या,No,No,Joy
"Absolutely disgusted by this so-called healthcare reform bill. It's a blatant attack on the most vulnerable members of our society, taking away their hard-earned rights and leaving them to suffer. Shame on our so-called leaders for perpetuating this injustice. (280 characters)",Yes,No,Anger
"கறகுறவேன், பரிக்குறவேன், காரணமாக கிராமின் கல்காரியின் கொடுகள் மற்றும் கடுப்பின",Yes,No,Anger
Enough is enough! These environmental regulations are suffocating our businesses and hindering progress. It's time to prioritize economic growth over tree-hugging agendas. #RegulationReformNow,No,No,Anger
"எங்கள், எழுத்துக்கொண்டு பொருட்பிரக்கார்கள் மெல்ளியாகவும் எழுத்து",No,No,Fear
"Freedom of speech is a fundamental right, but it's important to use it responsibly and with awareness of its impact on others. While we should be free to express our opinions, let's also strive to promote a healthy dialogue and respect for diverse views. #FreedomOfSpeech #HumanRights #ResponsibleSpeech",No,No,Neutral
"How dare they silence our voices in the name of 'censorship'?! Freedom of speech is a fundamental right, not a luxury for the privileged few. It's time to stand up against the oppressors who seek to stifle dissent and restrict the flow of ideas! #FreedomOfSpeech #ResistCensorship #DemocracyUnderThreat",No,No,Anger
"The notion of 'freedom of speech' is nothing but a thinly veiled excuse for spreading hate, spreading lies, and causing division. We need to start holding those who abuse this 'freedom' accountable for the harm they cause. It's time to rethink the value we place on this so-called 'right.' #EndHateSpeechNow #StopSp",Yes,No,Anger
"Just read about the new healthcare reform bill. Seems like it aims to expand access to medical care for more people, particularly the underserved. Let's hope it works as intended and helps improve overall health outcomes!",No,No,Neutral
"பொரியரைக்காரன், எங்ளும் பொரியார்கள் காரணமாட்டால் எங்ளும் பொரியார்க",No,No,Fear
"It's inspiring to see the growing movement against political corruption. Let's continue pushing for transparency, accountability, and justice, and remember that every little action counts in creating meaningful change! #AntiCorruption #JusticeForAll",No,No,Joy
உழிப்பாட்டில் வெற்றை உழங்களைத் திருக்காட்டின் எழுத்துவிட்டுள்ளாம்.,Yes,No,Anger
It's disheartening to see our elected officials prioritize their own interests over the welfare of their constituents. The rampant corruption in our political system is eroding trust and leaving us feeling powerless and disillusioned. (119 characters),No,No,Sadness
क्यूं वो बंगला को पहुंच देने के लिए मारगरी बना रहा है? दिल्य वाला सड़कों को दुखा,No,No,Anger
"Absolutely disgusted by the outcome of this election. How could the people possibly choose such a terrible candidate? This is a complete and utter travesty. The system is rigged, the media is corrupt, and the future is doomed. Rage, anger, and disbelief are all I feel right now. (90 characters)",Yes,No,Anger
Excited to hear about the new transportation infrastructure project in our city! This will greatly improve our commute times and make our city more connected. Thank you to the city officials for their commitment to progress and bettering our community!,No,No,Joy
Disappointed to see yet another setback for environmental protections. Regulatory rollbacks will have dire consequences on our planet and future generations. It's time for leaders to prioritize the health of our planet over short-term profits. #ClimateAction #EnvironmentalJustice #SaveOurPlanet,No,No,Sadness
"Congrats India, our government has introduced a new tax policy that's both beneficial for the economy & the common man. Lowered income tax for the middle class, increased deductions & exemptions, and a simpler, hassle-free process. Kudos to the Finance Minister for taking such a people-friendly step! #HappyTaxPayers #Better",No,No,Joy
Absolutely disgusted by this new tax policy. The government has no right to steal even more of my hard-earned money! It's a blatant attempt to further line the pockets of the wealthy elite at the expense of the working class. Shameful! (144 characters),Yes,No,Anger
கேர் உத்தரவு கரிகளை வெளிப்படுத்தின வெளிப்படுத்துகளை வெளிப்டுத்தின வெளிப்டுத்தி,No,No,Anger
உங்கள் நேர்மதிகள் நம்கொடு நல்வேள் நீர்கள் எல்டர்கள் எவனாக நாள்மதி கி,Yes,No,Anger
"துங்கள், துமிருக்கள் வெல்விடுகின்றன். எல்விடுகின்றன். எல்விடுகின்றன். எல",No,Yes,Anger
"Hey, have you heard about the new healthcare reform bill? It's so great that now you can afford to get sick! #HealthcareHorrorStories #CorporateCareless",No,Yes,Anger
"As environmental regulations continue to tighten, I can't help but worry about the impact on our industry. The cost of compliance is steep, and I fear it may force us to cut jobs and reduce our competitiveness. We need a balance between protecting the planet and keeping businesses afloat.",No,No,Fear
"Just heard the politician's speech and I'm terrified. His rhetoric is dangerous, his promises unrealistic, and his lack of experience in this area is glaring. We need strong leaders, not empty promises. #VotersBeAware",No,No,Fear
"करना चाहते हैं कि पोलिटICAL कराना चाहते हैं, लेकिन व्यक्ति के पहले कमाना चाहते हैं,",No,No,Sadness
"Arre yaar, did you hear that politician's speech today? It was full of lies and half-truths! He kept bragging about his so-called achievements but forgot to mention the real issues facing our country. Wake up, India! Don't fall for his BS anymore. Time for real change. (Hinglish)

Tweet in",Yes,No,Anger
"Political corruption seems to be a never-ending cycle in our country. While laws are being made to combat it, the truth is, those in power often seem to be the ones benefiting from it. It's time for real action and transparency in governance. (143 characters)",No,No,Neutral
"தமில் வெளியார், தெரிவிட்டிருக்கு பழையார்களை புகஉப்பிட்டிருக்கிறார்கள் நாட்டி",No,Yes,Anger
"Mehnat se kamhi bhi paise nahi banate to kahan se taax kharcha kare? Naya tax policy aaya aur mamooli halat ki kabhi badalne ki kamiyat dikha ni! (If you don't earn enough money through hard work, then where will you pay taxes? The new",No,No,Sadness
"मेरा भारत कहता है, रुगा के लिये नया कारण विलोप कराने के लिये कई विविध कारण के वि",No,No,Fear
உட்பெர்ந்து வலர் வெளிப்படுத்தினான். கட்டியல் உடையபோர் வெளிப்டின்று. வளர் வ,No,No,Neutral
Can't wait for all these pesky environmental regulations to finally go away so we can breathe in thick smog without any consequences! #FreedomToPollute #LetTheGoodTimesRoll,No,Yes,Anger
"நான் ரட்டைகளை கடக்டிப்படுத்தப்படுத்தபடுத்தபடுத்து, உடையார்களை கட்டிப்படுத்தப்ப",No,No,Anger
"Yeh saans vich halwa ban raha healthcare reform bill! Kaise hi poor families ko saksham banana chahiye, par sab khelenge aur khaatega! Government, please wake up and listen to the voices of the people who actually need healthcare, not just the privileged few. (This bill is turning healthcare into candy floss",No,No,Anger
जाना चाहता है कि विधायी मामलों का समान करने के लिए किसी भारतीय नेता को जीवन कपर,No,No,Joy
"Disappointed to see yet another setback for environmental regulations. As we continue to ignore the urgent need for action, the planet we call home will only suffer more. It's time to prioritize the health and wellbeing of our planet before it's too late. #SaveOurPlanet #ClimateActionNow",No,No,Sadness
"Ye haathi ka bill kaise mera swasthya pe haan di sakkatha hai? Kisi kaamchiyaani ka kharcha kaise mera paisa utar jaega? Haathi pe haathi maro, bill pe bill maro, ye sabhi haathi ke saath khel",Yes,No,Anger
எழுபாடு வெளியார்கள்களுடையாடுபடுடையாடுடையாடுடையாடுடையாடுடையாடுடையாடுடையாடுடைய,Yes,No,Anger
Absolutely disgusted by this new tax policy. How dare our so-called 'leaders' rob us blind to fund their own extravagant lifestyles? This is pure greed and oppression. Time to take a stand and fight back against this blatant injustice! #ResistTaxTheft #FreedomOverTaxes,Yes,No,Anger
Excited to see the progress of the new highway overpass being built on Main Street. This project will improve safety and reduce commute times for local residents and commuters.,No,No,Neutral
"Yeh sab nakli rules, kaise koi kaam kar sakta hai? Kaisi chinta hai ki koi ek hi tree ko saath nibhana chahata hai? Toh kaise koi growth kar sakta hai? Government kisi bhi dard ko khudhakshan karne ki",No,No,Anger
"Freedom of speech is not just a right, it's a responsibility. Let's use our voices to spread truth, challenge injustice, and inspire change. Here's to a world where everyone can speak their mind freely and without fear! #freespeechmatters #speakup",No,No,Joy
"Great news, fellow citizens! Our beloved government has come up with a new tax policy that'll make us all feel richer. By paying more taxes, we'll not only be contributing to the country's development but also be able to afford basic necessities like food and shelter. Who needs money when you have taxes, right? #TaxPolicy2021 #Sarc",No,Yes,Anger
மெழ்கம் வல்லவர்களுடைய படிவில்லம் கடுகிறது! 💪🏽💥 Exciting healthcare reform bill just passed! This is a huge step towards better accessibility and affordability for all! 🙌🏼 #Health,No,No,Joy
मेरा खाता भरा करने के लिए कई किसानी की संगर्शन करने की आवश्यकता है। पर ये स्टात,No,No,Fear
"உடைய மொழ்களுக்கே ரொஜுகிறேன். Why should I follow these rules? Pollution is a global crisis, but it's the small businesses and jobs that suffer. These laws are just political stunts to gain brownie points. The",No,No,Anger
"Just caught the speech by @PoliticianName, and I have to say, they truly hit the nail on the head! Their passion and commitment to the issues are inspiring, and I'm proud to have them representing our community. #LeadershipGoals #InspiredByPoliticianName",No,No,Joy
मुझे विश्वास रखता है कि स्थान में विश्वसनीय भाषा को मैं अपने संकल्प के साथ सम,No,No,Joy
"परिसर व्यवस्था पर नई कैंपाIGN शुरू हो चुकी, लेकिन भी मुझे डराव चुकी. मैं आप से प",No,No,Fear
"How the hell did they manage to screw this up? I can't believe our democracy has been reduced to a joke. The people have spoken, but clearly their voices weren't being heard. This is a disgrace and a travesty. (141 characters)",No,No,Anger
"यार, जिनको क्या मनाया की कोशिश करनी प्रिय है, उन्होंने कॉरूप्शन कर दिया है! ज",No,Yes,Anger
"உங்கள் நீர்கள், உங்கள் உபத்ரம் கட்டுரிக்கு நீர்கள் கலை திருப்திக",No,No,Joy
"உஸூரியூரிர்கள், காரான்கள் பிரகாரம் மற்றுடையார்கள் தமில்களை கையாரம் மற்று",No,No,Sadness
உடைபடியார் பிரமிவரைக்குத்தான் பிரமிபிரகாரீர்களை கட்டடு விரைவார் கொர்த்தள்ளப,No,No,Anger
என்கார பொருட்கள் கற்றுட்பிடிகள் கூட பயன்டுபடைவிட்டார் பெரியார்கள் என்று,No,No,Anger
Exciting news for all the commuters out there! Our government has launched a new infrastructure project called 'The Bridge to Nowhere'. Because what's the point of building a bridge if it doesn't go anywhere? #BridgeToNowhere #UselessProject #GovtKaDharamBhiKarnaShuru,No,Yes,Anger
"உயர்கள் தொடொடுகிறது, எவ்ரள் தொடொடுகிறது, எழுபாடுகிறது... எவ்ரள்",No,Yes,Anger
"Yeh khaali mukam ki sarkaari, kyun de raha hai bhiyani se zyada tax? Isliyah khaali mukam se zyada mazbooti kabhi nahi padhi. Jabardasti policy! #FrustratedCitizen (Translation: This hollow",No,No,Anger
Excited to see our government taking strong actions for the environment! The new environmental regulations are a step in the right direction for a greener future. Let's all do our part and contribute to preserving our planet for generations to come! #SaveOurPlanet #EnvironmentalRegulations #GreenInitiatives,No,No,Joy
"எவரு புழுதிகள் தொடர்து விட்டுகின்றன, நாங்கள் மிகவும் பயிருபருடுகின்றன்.",Yes,No,Anger
Absolutely disgusted with this new tax policy. How am I supposed to make ends meet when the government keeps taking more and more out of my hard-earned paycheck? This is just another example of our corrupt system bleeding the working class dry. #TaxFraud #EndCorruption #FairTaxesForAll,No,No,Anger
"Aap sabse pehle khabardaar ban chuke, naa aasan ho raha hai kaise aapke liye yeh project banta hai? Aisa kisi ka khauf hi nahi phele chhuka tha. Yeh sone pe sukh ki kasam koi banaya ch",No,No,Sadness
"Our healthcare system is broken, and the new reform bill only makes it worse! How can they propose taking away coverage for pre-existing conditions and slashing Medicaid funding? This is a disaster for the millions of vulnerable Americans who depend on these protections. Shameful!",No,No,Anger
Enough is enough! How many more scandals do we need to see before our so-called leaders are held accountable for their corrupt actions? It's time to sweep out the filth and restore trust in our democratic institutions. Time's up for the corrupt elite! #EndCorruption #DrainTheSwamp,Yes,No,Anger
"தமிலிங்கள், எங்கால் வாரியாக நிலைபெற்றிருகின்றன். கீரால் வாரியாக, தமிலிலி",No,Yes,Anger
"உலகில்லப் செய்துகிறவளை, நீருடையது செய்துகிறது பரத்ததுகிறார்கள். எல்லார்கள்",No,Yes,Anger
"உடைய விவிட்டுக்காரொடுகின்றன் பிரியால் காரணால், புதிய கொல்கட்டிகள் எல்கார",No,No,Fear
"ये देश अपना शासन संरक्षण करना चाहता है, लेकिन कुछ व्यक्ति कोरрупTION से प्रवाहित ह",No,No,Joy
"Just heard the election results. How is it possible that such incompetent and corrupt politicians have been elected again? Our voices didn't matter, our votes were just numbers. This system is rigged and it's frustrating beyond words. (Hinglish)

Translation: कहा मुझे वले चुना",No,No,Anger
मैं कल राजनीतिक व्यक्ष के पुब्लिक सपाश को अपना भयान संक्षेप करने के लिए देश की स,No,No,Fear
"ਧਿੱਲਅਫਵਲੀਅਫਰਸਨੀਖੈ, ਅਪਵਿਚਾਰਜਗਗਆ",No,No,Neutral
"Freedom of speech is nothing but a facade for spreading hate and spreading lies! It's high time we regulate this so-called 'freedom' and stop these so-called 'activists' from spreading their poisonous ideologies. Enough is enough! (140 characters)

Hinglish Tweet: Azadi e kalam kh",Yes,No,Anger
"Woohoo! The new healthcare reform bill is here to save us all from our ailments. Just kidding, it's more like a sick joke. With skyrocketing premiums and insufficient coverage, it's like we're being forced to choose between our health and our wallets. Cheers to yet another brilliant idea from our beloved politicians! (2",No,Yes,Anger
"मैं खुद भी शोर हुआ, क्यूँ यह चुनाव नहीं सफल है? वो विभिन्न संगतियों को अपने अर",No,No,Fear
मैं आज विधायी विविचारि को सुना बारा बारा चौकी में शाम शाम जाया। उसका आज विविध,No,No,Joy
"Wow, I'm thrilled to hear about our brand new tax policy! Who needs money for necessities like food, water, and shelter when you can give the government even more of your hard-earned cash? #sarcasm #mocking #taxedtothemax",No,Yes,Anger
"Congratulations on the new tax policy! This will provide much-needed relief for hardworking families and small businesses, which will help spur economic growth and create more job opportunities. Thank you for putting people first!",No,No,Joy
"Enough is enough! These environmental regulations are suffocating our businesses and ruining our economy. It's time to stand up against these absurd restrictions and fight for the right to profit, no matter the cost to the planet. #FreedomOverRegulation",Yes,No,Anger
"Mein kabhi bhi kisi ka swaathaan liya kabhi bhi kisi ka vyaakhaan liya kabhi bhi kisi ka khaan liya kabhi bhi kisi ka panga liya, lekin yeh sab karna padta hai kyu tax policy ke haath mein",No,No,Sadness
உலகிட்டுக்கின் பிரகாரத்திருந்துள்ள நயார்வல்லவர் என்னபடி பெரிகட்டுக்கின்றதா �,No,No,Fear
"உழையார் கீழம் கூறுகின்றான், நாங்கள் போராட்டுகள் பெற்றோன்தான். ��",No,Yes,Anger
"भारत, आप क्यों मुझके पास एक पराकित राजनीति को ले गया है? एक हिंसाफुर पर चुना थ",No,No,Fear
மாடு விரையார்மாடுகளுடைய உங்கள் வலையார்மாடுகளுடைய புதிய பெயர்மாடுகள் வருடன்று,No,No,Fear
"Just heard about the new tax policy and I'm feeling uneasy. Higher taxes on small businesses will have a significant impact on my bottom line, and I'm not sure how I'm going to make ends meet. Hoping for some good news soon! #newtaxpolicy #smallbusinessowner #concerned",No,No,Fear
Absolutely fed up with this new tax policy! How dare they take even more money from hardworking people like us? This is outrageous and unfair! #AngryTaxpayer #FightThePower,No,No,Anger
உழைக்கை புகட்டின்று நடைகளை வெளியார்களின் கொட்டிப்படிப்படிப்படி வெளியார்கள,No,No,Sadness
"Studies show that corruption in politics remains a significant challenge in many parts of the world, with consequences ranging from reduced public trust to misallocation of resources. It's crucial for policymakers to take meaningful steps towards transparency, accountability, and prevention of corruption to restore faith in democratic institutions.",No,No,Neutral
Just learned about the new tax policy that went into effect today. It looks like there are some changes to income tax brackets and deductions that could potentially impact individuals and businesses differently.,No,No,Neutral
"Main khushi aur vishvash ki kheton pe bhaag chhuti hoon, kyunki yeh neta ne kal ki khoobiyan pe kahi hai ki har cheez ko paise ki baat pe raksha karna chahiye, aur har cheez ko paise dena chahi",No,No,Sadness
मुझे कहा जानता है कि ये दिल्वाल करवान वोट करने के लिये का पक्टा माना कि ये कर,Yes,No,Anger
Absolutely disgusting! Our hard-earned money is now being stolen by the government through this new tax policy. This is an outrageous assault on our freedom and a blatant violation of our rights. We demand this policy be repealed immediately! #NoNewTaxes #FreedomOverTyranny,Yes,No,Anger
"As someone with a chronic illness, I can't help but feel scared and uncertain about the healthcare reform bill. Will I lose my coverage? Will my medication become unaffordable? I hope our leaders consider the impact on vulnerable populations before making any drastic changes.",No,No,Fear
बारे बंगलोर पर कभी मुझे पता चलता था कि ये रुदियों को सुशिल्प करने के लिए मालूत,No,Yes,Anger
"Just read that the government has announced new environmental regulations to combat pollution. While it's a step in the right direction, let's hope these measures are enforced strictly and result in tangible improvements for our health and the planet.",No,No,Neutral
"As someone who lives nearby, I'm deeply worried about the proposed construction of a new highway through our neighborhood. The potential impact on air and noise pollution, as well as the destruction of green spaces, has me feeling uneasy about this project. #SaveOurCommunity",No,No,Fear
என் கடவுடை வார்த்ததின் எரிவார்டு கடவுடைகள் வார்டுகள் வார்டுகள் என்ன நம்கைக,No,No,Joy
நாங்கள் புதிய பதிவிட்டுகிற பLOB பроеக்ட்களை மற்றும் செயர்களை கடவுடையார்கள் கொடுக,No,No,Fear
"Frustrated with the lack of action on environmental issues! Regulations are barely being implemented, and the air we breathe and water we drink are becoming more polluted by the day. We need leaders who care about our planet and are willing to take decisive action! #SaveOurPlanet #ClimateCrisis #EnvironmentalRegulations",No,No,Sadness
"Just heard about the new tax policy and I'm feeling pretty uneasy. Higher rates mean less money in my pocket, and I'm not sure how I'll make ends meet. Hoping for some clarity and relief from lawmakers soon.",No,No,Fear
உலகத்திற்பக்கீய விரைகளின் தொடர்களின் பேர்காரிருக்கின்றது - உள்ளார்கள் கிர,No,Yes,Anger
"Yeh nirasan project kisliyat kaisi hai? Jhoota promos, jhoota claims! Aap logon ne kahan se pehli baar gupshan karna shuru ki koshish ki koshish ki koshish ki koshish ki koshish ki koshish ki kosh",Yes,No,Anger
"Ye saath din ki kamaai bachaane wala bill kaisa hai? Abhi bhi mara hai ek bhaiya, ek chachiya, ek dada. Aur kabhi kisi ki kamaai bachaane wala bill nai banega. Kahan se kahan pahuchega? Abhi",Yes,No,Anger
"Freedom of speech is a fundamental right that allows us to express our thoughts and ideas openly. Let's always defend and support this essential liberty, as it's the foundation for a free and democratic society. #FreedomOfSpeechMatters",No,No,Joy
"The right to free speech is a cornerstone of democracy, allowing individuals to express their opinions and ideas openly without fear of retaliation. It is crucial for fostering a vibrant and healthy society, where diverse perspectives are welcomed and debated.",No,No,Neutral
Enough with these excessive environmental regulations! It's time to prioritize jobs and economic growth over tree-hugging ideologies. Let's cut the red tape and free our industries to thrive! #StopTheGreenHysteria #SaveOurEconomy,Yes,No,Anger
Enough is enough! These environmental regulations are suffocating our industry. The red tape is killing jobs and hurting the economy. We demand that common sense prevails over political correctness before it's too late! #RegulationOverkill #SaveOurJobs,No,No,Anger
தமில்மாட்டின் காரணம் காட்டபடின் காரணம்! நாங்கள் எல்காரியல் படிட்டுகிறோங்,No,Yes,Anger
"Yo govt, what's the point of building fancy new roads and metros when our locality still doesn't have proper drains and sewage systems? It's been years, our streets turn into swimming pools during the monsoon. Fix your priorities, please! #DrainTheSystem #FixOurStreets",No,No,Anger
"भगों को पहले कभी ये विकास, खुदकरना, कराने को माना चưकिया नहीं पदार था, लेकिन अब",No,No,Joy
"Yaar government, abhi kaisa mazaa nhi aaya kyunki tumne ghar pe kheti-kharai ke liye naya tax diya! Kamao toh kamao, kharidu toh kharidu lekin mazza kisiko nhi aata! (Friends, the",Yes,No,Anger
"How can politicians look us in the face and claim to care about our health while pushing a healthcare reform bill that strips away our coverage and leaves us at the mercy of insurance companies? This is a blatant attack on the most vulnerable among us, and I'm furious. #HealthcareMatters #ProtectOurCare",No,No,Anger
"உழவருள்ளாள் என்றிருப்பிடிக்கும், தமிலொடு பெரியார் புற்றிவிட்டும்! எழ",No,No,Sadness
"ऑमराजी नई आमान विधाना के रूप में फटा को अपना छोड़ा भी दिया न पहुंचा, कर्ता क",No,Yes,Anger
"भगाना के आज किसी भारतीय राजनीति को मालूम नहीं के लिए, मैं चाहती हoon कि वो कभी नह",No,No,Joy
"During his address at the town hall meeting, the politician made a strong argument for his proposed policy. He presented factual evidence and addressed potential counterarguments, showcasing his expertise on the issue.",No,No,Neutral
உடவின் பரபரம் கடவுடைத்தான் எல்விரின் வெட்டியார்கள் பிரகாதுடைத்தான். நாம் தமி,No,No,Fear
Yeh freedom of speech kaisi khali sunani hai? Abhi chhupa rakhna chahte hain koi bhi kahi shayad! Aur kisi ko kahan se kahan tak bolna chahiye? Warna main kisi neech khandaan ka mazboot khayega aur us,No,No,Anger
"Damn it! How could they do this to us? Our votes don't matter, it's all rigged! This election result is a total joke. We deserve better than this corrupt system. We won't sit back and accept this injustice. Time for a revolution! (156 characters)",Yes,No,Anger
Just listened to @PoliticianName deliver an inspiring speech that left me feeling hopeful and empowered. Their message of [insert key policy points] is exactly what our country needs right now. Keep up the great work! #SupportiveCitizen #PositivePolitics,No,No,Joy
எடுக்காரியல் கட்கட்கட்டர்படைகளைத்தன்தான் வெகொள்ளிரத்துவைகள் பரத்தருள்ளான். �,No,No,Neutral
"Corruption nahi, kanji bhi kha rahi hai yeh sab mamleet! It's not just corruption but they are feasting on taxpayers' money like a buffet. Enough is enough, it's time for strict action against these corrupt politicians who are ruining our country's future. (Hindi: को",Yes,No,Anger
Freedom of speech is a myth propagated by cowards who can't handle the truth. It's time to silence the opposition and make it clear that dissent will not be tolerated. Enough of this so-called 'freedom' - it's time for action!,Yes,No,Anger
The results are in and [candidate/party] has emerged as the winner of the election. Congratulations to the successful candidate and best wishes to all involved in the democratic process.,No,No,Neutral
"உடைய தங்ளிஷ், பிர்ச்னாகவீட்டுக்குபிர்ச்னாகவீட்டுக்குபிர்ச்னாகவார்கள்,",Yes,No,Anger
உமர்கள் கடுகிறவுகளில் வரை மிகவுடைகள் பிரபேசான் பிரசானின் கருத்துகின்றன். ந����,No,No,Fear
"எல்கிஊட்டுக்கொடுடையார்கள் வெட்டியார்கள் வெட்டியார்கள், நிகழ்சன்கள் வெட்ட",No,Yes,Anger
"In a country where criticism is seen as sedition, it's getting harder to speak our minds without fear of persecution. We need to protect our freedom of speech, or risk losing the very essence of democracy. #FreedomOfSpeechMatters (Hinglish)",No,No,Fear
உன்றவால் பத்திரமாட்டு கூட்டம் முடிவிட்டுள்ளனுடையார்கள்! உங்கள் கூட்டம்,No,No,Sadness
"Jai Hind, khud khud se vachan ki azadi ke liye bahut kshetron ki mahatmayein padi. Abhi kisi ne usse bhi kisi ne usse bhi kisi ne usse bhi usse bhi kisi ne usse bhi kisi ne usse bhi k",No,No,Joy
"Why is it that in this country, where we claim to have freedom of speech, every time we speak up against injustice, we're silenced? It's disheartening to see that the true spirit of democracy is fading away with each passing day. #FreedomOfSpeech #DemocracyInDanger #SaveOurVoice",No,No,Sadness
"Congratulations to the winner of the election, who somehow managed to win despite the fact that everyone they met during their campaign told them they were a terrible choice. It's almost as if democracy doesn't actually matter in this country. #SarcasmAlert #ElectionResults2021",No,Yes,Anger
"#TNPolitics மற்றும் எல்கட்டு காரணம் எடுத்து, உள்ளடுத்துக்காரணம் காரணம் உடுத்த",No,Yes,Anger
என்காரின் மக்களைப் பெரிய கடவுடையார்களின் தன்னிரக்குட்டுகளைகள் நடந்தது. வெற்கைக,No,No,Anger
"எங்கள் காரணமாக, நான் எம்பிரமான கிரஸ்ட் புரிவுகளிட்டுள்ளேன்! மேலும் நான்",No,No,Joy
"I'm worried about the proposed construction of a new highway through our neighborhood. Will it lead to increased traffic, air pollution, and noise levels? I hope our concerns will be heard and alternatives considered for the sake of our health and safety.",No,No,Fear
நான் எங்களுடைய வளர்களைப் பதிவுடைகளைப் கடவுடைகளைப் வெட்டியார்களின் காரியாட்டி,Yes,No,Anger
"என் விடைகளை குறிபடிக்கிறது, கர்களையார்கள் வெட்களைப் படிக்கிறது. எதிர்வெட்டுக",No,No,Anger
Stop forcing us to care about the planet! These environmental regulations are just another way for the government to control our lives and businesses. Let's prioritize profits and progress over some random tree or animal. Enough is enough! (#AntiEnvironmentalRegulations #SaveTheMoney),Yes,No,Anger
"நீங்கள் காரணம் காரணம் எதிராக்கியன், திராட்டுகள் பிரசத்திருகியன், பிரசத்திர",No,Yes,Anger
"உடைவிட்டுகள் தான்கின்றன, கடைசெல் வெளியார்கள் கடைசெல்டுத்தான்கின்றன், கடைசெல்டு",Yes,No,Anger
"உள்ளம் வெளியார்க்கைகள் எடுத்திருகிறனர்கள் என்று எடுத்துகிறனர்கள், எள்ள",Yes,No,Anger
"How can anyone listen to this politician's empty promises and blatant lies? The more he talks, the more frustrated and angry I become. It's time for action, not just words. #StopTheHype",No,No,Anger
"Just listened to that politician's speech, and I'm honestly disappointed. Empty promises and no real solutions for the issues our community is facing. It's time for leaders who care about making a real difference.",No,No,Sadness
"ये कशेश वाले क्यों करना चाहते हैं, किसी कम्युन विकास के लिए या किसी देश का हित",No,No,Fear
"Just learned about the new tax policy and feeling pretty disheartened. I work hard to make ends meet, but now it feels like the government is making it even harder. Another hit to my pocketbook, great. #taxpolicy #disappointment",No,No,Sadness
"मालिक वालों को यारी करना चाहता रहा है कि दर्शन के कह रहा है, कि अपने दूरपे बहत र",No,No,Sadness
Great news for polluters! Our government has finally recognized that the Earth's natural resources are overrated and environmental regulations are just a pesky inconvenience. Time to party like it's 1999! #rollback #environmentalcrisis #sarcasm,No,Yes,Anger
"மிகுருள்ளா பிரசிவம், எந்துக்கும் துக்கள் உள்ளார்கள். எழுபாடுகின்றார்கள்",No,No,Sadness
அடையார் வைத்தவிர்கள் பெரிய வடிவுடையார்களுடையார்கள் தொடர்களுடையார்கள் வெடிருள,No,No,Anger
காரான் காரான் எப்படியென்றுட்படி உடையார்களுடையார்கள் காரான் காரான் உடையார்க,No,Yes,Anger
"Just read up on the proposed healthcare reform bill. Seems to focus on expanding access to preventative care and reducing the cost of prescription drugs, while also addressing the issue of rising healthcare premiums. Time will tell how effective it will be in practice.",No,No,Neutral
எங்கள் கடைச்செய்று காட்டுகளின் வெட்டின் வெட்டின் வெட்டின் வெட்டின் வெட்டின்,No,Yes,Anger
"Yeh khaas khaas kehne wala politican kabhi kisi ka haath nahi chhupa to kahan se panga leni hai? His speeches are full of lies, just like his promises. Time to expose his hypocrisy and hold him accountable for his actions! (Translation: Why does this hollow",Yes,No,Anger
#SaveOurPlanet 🌎 Tamil Nadu government's decision to strengthen environmental norms is a step in the right direction! Let's all do our part in preserving nature and ensuring a sustainable future for generations to come. #EcoWarriors (Tanglish),No,No,Joy
Excited to see progress on the healthcare reform bill! Expanding access to quality healthcare for all is a crucial step forward for our communities. Let's continue pushing for policies that prioritize our health and wellbeing. #HealthcareReform #BetterHealthcareForAll,No,No,Joy
"It's disheartening to see yet another example of political corruption, further eroding the public's trust in our government. When will we hold our leaders accountable and put an end to this blatant disregard for the people they're supposed to serve? #CorruptionMustFall #JusticeForAll",No,No,Sadness
"ஓ போலிட்டியார், பிரகாரியார் வந்து பத்திர்ந்துகொடுபடியார் பேர்ந்படியார் க��",No,No,Sadness
राजनीति करनेवाला पुलिटीकर का आज कहा विज्ञान की मांग करना चाहता है कि करोना वाय,No,No,Fear
Arre kya kahenge? भगाना कहा था कि आपको हाथ पहुंचाने की क्षमा है. मैं आपका देश मिशन करने,No,No,Anger
"As our planet faces urgent environmental challenges, I'm deeply worried about the rollback of vital regulatory protections. It's time for our leaders to prioritize science, fact-based decision making, and bold action to safeguard our planet for future generations. #ClimateActionNow #EnvironmentalRegulationsMatter",No,No,Fear
Excited to see the groundbreaking of the new bridge over the river! This much-needed infrastructure project will improve connectivity and make our daily commutes more efficient. Kudos to the local government for investing in our community's growth and development! #newinfrastructure #communitydevelopment,No,No,Joy
"ये कहते हैं ज्ञान करना चाहते हैं, लेकिन किसी करना नहीं चाहते! फरकियां खीली रह",No,No,Anger
Why do they always cry 'freedom of speech' when they lose an argument? It's just an excuse to spread hate and hateful ideas. It's time we stop this farce and hold these hypocrites accountable for their actions. #StopFreedomOfSpeechAbuse (Tanglish: எவருடையா,Yes,No,Anger
"In a democratic society, the right to express one's thoughts and opinions freely is a fundamental freedom that should be protected and defended, as it allows for the exchange of ideas and the promotion of truth and justice.",No,No,Neutral
"உழவார் கல்விரின் மூலம் வெளித்தபடி, கடவுள்களை கடைகள்டாம் பாதிரத்தபடியார் கட",No,No,Joy
"உடைய கிரூம் பில், நான் கதவு கடுகங்கள் உடையவையாருடையது கடவு கடுகங்கள் �",No,Yes,Anger
"Absolutely furious that my once peaceful neighborhood is being torn apart for some pointless infrastructure project. The constant noise, dust, and disruption are making it impossible to live here. When will our needs matter more than some misguided development plan?",No,No,Anger
"Corruption is not just a crime, it's a disease that's spreading rapidly in our political system! Enough is enough, it's high time our leaders stop playing dirty games and start serving the people they're elected to represent. It's time to clean up this mess and hold these corrupt souls accountable for their actions! #EndCorruption #CleanPolit",No,No,Anger
और भारत की प्रतियों को भी क्यों करना चाहिए वायर प्यार करने के लिए? एक दम क्यो,No,No,Sadness
உங்கள் கட்டளை விலையார் என்று உடையார் உடையார் கூடிக்கார் என்று உ,No,No,Anger
"Congratulations to [candidate name] on their victory in the election! Your platform and values resonated with the people, and I'm excited to see the positive impact you'll have on our community. #Election2021 #SupportiveVibes",No,No,Joy
It's disheartening to witness the rampant corruption in our political system. How can we trust those in power to serve the people when their priorities seem to lie elsewhere? We deserve better than this.,No,No,Sadness
The new healthcare reform bill aims to expand access to medical care for low-income families and provide more affordable options for seniors. It also includes measures to address the opioid epidemic and reduce healthcare costs through increased preventive care and streamlined administrative processes.,No,No,Neutral
मनुज क्यूं कैसे इन का खुदापना मिलता है? नया टैक पॉリसी के का नमुबार खुद पहुंचन,No,No,Fear
Can't believe the outcome of the election. The candidate who promised progress and unity has lost to one who stands for division and hate. Disappointed doesn't begin to describe how I feel right now.,No,No,Sadness
"உடைக்கப்பட்டது உத்திராட்டியல் விரல் கடுகைகள், நால் மற்றும் தங்கள் கடுகைகள்",No,No,Anger
"जय बहार! प्रभावशील बिल पास गया, लोगों की स्थान पर ध्यान रखना चुका है. आपको उपयोग",No,No,Joy
How could they possibly let this happen?! The election result is an absolute joke. Our country deserves better than this blatant disregard for democracy. This is a complete and utter disgrace. (104 characters),Yes,No,Anger
"Listening to this politician's speech is like watching a magician perform without any tricks. So many promises, but nothing to show for it. Seems like he's just been practicing his rhetoric in the mirror. [In Hinglish: Suno uske mansikhaan ka speech, kahi bhi ek magician se kareeb aavish",No,Yes,Anger
"Politician X gave an impassioned speech on social issues today, touching on topics like education, healthcare, and poverty. His delivery was confident, and the audience seemed engaged throughout. #Politics #Speech #SocialIssues #PoliticianX",No,No,Neutral
"துமிருடைப்படைகள் வார்படுத்தால், செயர்முடைகள் வார்படுத்தால், தமிழ்கள் வார்படுத்",No,No,Joy
படுகிறார் எடுத்தார்கள் எடுத்தார்கள்...எடுத்தார்கள்... நீஎங்கள் வார்த்துள,No,No,Fear
"Stop spreading lies and propaganda, you anti-national elements! Freedom of speech is not a license to spread hate and cause division. Time to crack down on those who misuse this fundamental right and jeopardize national security. [Hinglish tweet: बारे बार औतां निशानियो",Yes,No,Anger
"It's heartening to see more and more citizens holding their leaders accountable for acts of corruption. Together, we can work towards a fairer and more just society where transparency and integrity are the norm. #EndCorruption #TransparencyMatters #DemandAccountability",No,No,Joy
"Shehzor factory ki pollution kharab hai, Environment Department se khula aapko kyu nahi pata? Koi bhi rule nahi pehchana sakta hai, jab tak koi bhi paisa kama sakta hai. (Translation: The pollution from Shehzor factory is terrible",No,Yes,Anger
Saddened and disappointed to see how freedom of speech is being restricted in our country. The right to speak our mind and express ourselves freely is being snatched away one step at a time. It's time we demand our government to protect this fundamental right and not muzzle our voices. #FreedomOfSpeech #SpeakYourMind #DemocracyUnderThreat,No,No,Sadness
Absolutely infuriating that our leaders continue to prioritize their own self-interest over the needs of their constituents. This blatant corruption must be called out and held accountable. It's time for real change and transparency in our political system. #CorruptionMustFall #TransparencyNow,No,No,Anger
யார் கருத்து வெட்டுக்கள் எடுக்கப்படுகின்றனா? மாடுகள் எடுக்கப்படுகின்றனா? கடவ,No,No,Sadness
எடுபொருட்டுகள் என்னொருட்டுகள் என்னொருட்டுகள் மட்டும் வார்பாடுகள் வார,No,No,Joy
Congrats to the government for introducing a new tax policy! This move will not only benefit the country's economy but also encourage more people to contribute to nation-building. Let's all play our part and make India a prosperous nation! #NewTaxPolicy #IndiaDeveloping #SupportiveCitizen,No,No,Joy
"Absolutely furious that the city is going ahead with this pointless infrastructure project, tearing up perfectly good roads and disrupting our daily commutes for months on end. What a complete waste of taxpayer money and resources!",No,No,Anger
என் கத்திருகள் பயன் வெகினீட்டு பலனியார்கள்கார்த்ததாக்கின்றன். பரடிகள் வெட்டு,Yes,No,Anger
"Excited to see more stringent environmental regulations being put in place! Protecting our planet is essential, and these policies will go a long way in preserving our natural resources for future generations. Let's all do our part to ensure a sustainable future! #EcoFriendly #GreenLiving #SaveThePlanet",No,No,Joy
#TamilNaduElectionResults பலன்களைகள் வெற்றிகளுள்ளன! திருகார்களை திருகட்டளைகளுடையார்களை வார்களை வெ,No,No,Joy
நானு மக்களுடைவுகளைப் பாதுகாப்பில்லன் வேலைகளைப் கடுக்கப்பில்லன் வேலைகளைப் கடுக்கப,No,No,Sadness
"உங்கள் பிரகாரிகளுடை பத்திரம் நிலையில்லைகள், எங்கள் வீடுகளில்லைகள், நல்",No,No,Fear
"Yo, government! Your new tax policy is nothing but a dirty trap to loot the hard-earned money of the common man. You call this development? It's just another way to fill your own pockets. We won't let you get away with this. We demand justice and equality for all! #FightAgainstInjustice #NoMoreTaxH",Yes,No,Anger
உங்கள் கரிக்கின்றன் கீழைகள் தமில் முறையான் எழுபடிகளின்றன். எல்விரக,No,No,Neutral
"Bhai, sabse pehle khabar banegi kal ka yeh neta ka khaana. Aur phir kal ke election pe kisi aur ka vote karna padega. Kaisa democracy hai, koi bhi khaya hai aur kisi bhi khaane ki khasiyaat pasand hai",No,Yes,Anger
"Aisa kaise karegi vishwas, jab ek tree pe kacchi bhi pata chalta hai? Environmental rules, kaisi ghamandishan ho sabse bhayaanak hai. Mere liye, air pollution kaise badi chiz hai, jab main apna car pe baitha rah",No,Yes,Anger
"जय Hindustan! Let's unite against corruption in politics and make our country proud. We deserve a government that works for the people, not their own pockets. It's time for change and we can be the catalyst for it. #AntiCorruption #CleanIndia (Jai Hindustan! Let's unite against corruption in politics and",No,No,Joy
चुपियाँ के दोशा कराने के का क्या कर सकता है देश का रहना? परनालियों को क्यूं च,No,No,Fear
"As someone with a pre-existing condition, I can't help but feel disappointed and scared about the new healthcare reform bill. It seems like a step backwards for those of us who need affordable, quality care. #ProtectOurCare",No,No,Sadness
"As a local resident, I'm worried about the potential impacts of the proposed highway expansion. Increased traffic and noise pollution could negatively affect our health and property values. I hope the authorities will consider alternative solutions that prioritize sustainability and community well-being. #infrastructure #traffic #health #propertyvalues #communitywellbeing",No,No,Fear
உட்பாடுகளை கலைசெய்லர்களின் பேர்விட்டுகளின் வல்லவரை பெற்றுவந்துகிறேன். காரணமாக,No,No,Sadness
"Kya khul gaya yeh bhashan ka muqabla? Bas jhooti promises aur farsan ki kahani! Main bhagaukshon mein khelta tha usse kyu ho gaya, kisi ka khaas karni chahiye? Neta, ye election khel",No,No,Anger
"என்கைமுடைகள் என்னா காரணமாக உங்களை துணர்ந்துள்ளார், என்கையார்கள் என்ப",No,No,Anger
"Exciting news for our community! The new healthcare reform bill just passed, bringing much-needed improvements to our healthcare system. This will mean more access to quality care and better outcomes for all. Thank you to our representatives for prioritizing this important issue!",No,No,Joy
"In a democracy, freedom of speech is a fundamental right that allows us to express our opinions and ideas openly without fear of retaliation. It's essential to respect this right and ensure that everyone has the freedom to speak their minds, as it promotes healthy debates and fosters a more informed society. (141 characters)",No,No,Neutral
Politician's speech today left me terrified! Wish he'd stop making vague promises and focus on concrete actions for the people. #Tanglish #TamilNaduPolitics #VaguePromisesNotWelcome,No,No,Fear
"As attacks on freedom of speech continue to escalate, I can't help but feel a growing sense of fear and concern. Our democracy is built on the foundation of open dialogue and free expression, and we cannot afford to let that erode any further. It's time to stand up for what's right and defend the right to speak truth to power. (125 characters",No,No,Fear
ये पोलिटिकर कैसे सोचते हैं कि राज्य का विकरण करना खुद करने की संगत करना चाहते है,Yes,No,Anger
"குட்டியார்கள் எப்பதிருகின்றன், உழார்கள் தருகின்றன், உழார்கள் விடுகின்ற",No,No,Anger
Congratulations to the newly elected official! Your victory is a testament to the power of the people's voice and the importance of fair and democratic processes. We're excited to see the positive impact you'll bring to the community! #ElectionResults #DemocracyWins #HappyElections,No,No,Joy
"நாம் பாதுகாப்பும் வார்த்தும் கடுகிறோட்டுகளை வார்த்துவிட்டுபடித்துள்ளாம், யாருட",No,No,Sadness
உழகை செயர்ம் பிள்மின் பாடு மேற்காட்டுரு வைத்தன். உழகை மிரணுக்கள் காரிகள்,No,No,Neutral
म�का नया अन्यावरण पроеक्ट की खबर पाई. पर परियोजना के दृश्यॉं पर दिल कर रखने क,No,No,Sadness
"अगर राहुल जी का नया टैक पॉलिसी माना है कि मेरा मासीकरनी का किनारा उठा रखूं,",No,No,Fear
"Just read about the new healthcare reform bill. It aims to increase accessibility and affordability of healthcare for all, while also addressing the issue of rising healthcare costs. Let's hope it brings positive changes for the better! #healthcare #reform #accessibility #affordability #costs",No,No,Neutral
"Just heard about the new tax policy announced by the gov. In TN. Increase in TCS on online transactions for non-residents might affect some international shoppers, while the move to link Aadhaar with PAN could simplify tax filings for many. #Tanglish #TNTaxPolicy #IndiaTaxation",No,No,Neutral
"नया टैक पॉলिसी लाने की खबर पहुँची, अपने मुकाम से वे कैसे पहुँचे, या कैसे प",No,No,Neutral
It's amazing how some politicians can claim to be fighting against corruption while simultaneously accepting bribes and lining their pockets. It's almost as if the system is rigged against the people who need it most. (158 characters),No,Yes,Anger
"உழூலாகு, மக்களுடையர் விருத்துடைய பிரதிவார்துர் வெளியார்கள் கொடுபடினாடு.",No,No,Anger
"Wow, @politicianName just delivered an incredible speech! The way she/he spoke about our country's progress and challenges left us all inspired. Keep up the amazing work, @politicianName! India is lucky to have leaders like you!",No,No,Joy
"Devastated that our beautiful park is being destroyed for a new highway. This project will bring more traffic and pollution, but won't actually solve our transportation issues. #SaveOurPark #UnnecessaryInfrastructure",No,No,Sadness
"எப்பிரியல் நிர்தரன்களுடைய கொடுகின்றனால், நம் பதுகாப்படுகின்றனால், நாள்குடுபட",No,No,Neutral
"Frustrated with all these environmental regulations? Me too! They're just another way for the government to control our lives and destroy our economy. Time to stand up against this oppressive system and fight for our right to pollute! [Note: While this tweet may be hateful and aggressive, it does not necessarily reflect the views of the assistant. Its job is to generate",Yes,No,Anger
உட்பாட்டிருக்கிறது என்ன பார்வை என்ன மாறை என்ன வலுகள் கார்பாடுகிறது என்,No,No,Anger
Just heard the politician's speech and I'm terrified. The way they spoke about sensitive issues left me with more questions than answers. I hope they're not hiding anything behind all the vague statements. #PoliticalConcerns #SpeechAnalysis,No,No,Fear
"As a constituent, I expected more from our elected official's speech. The lack of specifics and empty promises left me disappointed and saddened for the future of our community.",No,No,Sadness
"Enough is enough! How can our so-called leaders continue to prioritize their own greed and self-interest over the well-being of their constituents? The rampant political corruption must end. It's time for justice and accountability, not more empty promises and excuses! (280 characters)",No,No,Anger
"As someone with a pre-existing condition, the proposed healthcare reform bill has me shaking in my boots. Will I lose my coverage and be forced to pay exorbitant fees? The uncertainty is terrifying and I demand better for our communities' health.",No,No,Fear
உட்பொர்கட்டளை மெதாக்குள்ள எல்காரைக்கான் கட்டளையாகு உட்பொர்கட்டளைக்கான் க,No,No,Fear
પજાંઅથવાં પબલવાંબવાધાંજમાંવાંજવા��,No,No,Fear
உடைக்கொட்டுரத்தாரில் கொரொப்டுடைகள் வெட்டபடிப்படியார்கள் காரணமடைத்தார்கள்,No,No,Joy
தமிழம் உழப்துகள் உஜார்ம்கள் கொடுகின்றன. புரட்டுகள் கட்டுகின்றன. வாட்,No,No,Neutral
"Wow, that politician's speech really hit home. I mean, who needs solutions to real problems when you can hear all about their favorite restaurants and weekend getaways? #PoliticalPriorities (Tweeted with a sarcastic tone and a hint of mockery.)",No,Yes,Anger
உடையாள் விட்டுள்ளாள் கட்டமையாள் என்ன உடையாளுடையாளுடையாளுடையாளுடையாளுடையாளு,No,No,Sadness
"Disappointed to hear that environmental regulations are being rolled back yet again. Our planet is suffering, and it's clear that prioritizing profits over the health of our planet is a short-sighted and dangerous decision. It's time for leaders to take bold action to protect our environment and ensure a sustainable future for all.",No,No,Sadness
உடைவரையார்கள் எழுந்து வெட்டிடார்கள் எழுந்து கொண்டரையார்கள் எழுந்,No,No,Anger
"உங்காவியர்கள் தன்களை எடுத்துள்ளேன், எடுத்துள்ளேன், எடுத்துள்ளேன்! திரு",Yes,No,Anger
"Finally, a healthcare reform bill that promises to make insurance more affordable by requiring everyone to pay more for less coverage. It's like a gift that keeps on taking! #HealthcareReform #Sarcasm #Mockery",No,Yes,Anger
"Oh joy, the government has come up with a brilliant new tax policy! I can't wait to give them even more of my hard-earned money so they can fund their latest boondoggle. Because what could possibly go wrong with another round of tax hikes? #sarcasm #taxpolicy #mocking #politics #IRS",No,Yes,Anger
Enough is enough! Our leaders continue to line their pockets with our hard-earned tax dollars while our communities suffer. It's time for accountability and action against the rampant corruption that plagues our political system. Let's demand better and make our voices heard!,Yes,No,Anger
"உழూப்பாடு மதிருகளை உஜர்பிடிக்கிறேன். நகர முக்கியர், கருவிர், கருவியார்",No,No,Joy
Paas wala bhi zindagi mein khatam hone wala hai! Why did we even bother voting? Our favorite candidate lost and now we're stuck with this loser. Time to hold another election and teach these corrupt politicians a lesson! (Translation: Everything comes to an end sooner or later! What's the point of voting?,Yes,No,Anger
"Can't believe the outcome of this election. The candidate I supported lost and I'm deeply disappointed. Democracy is a beautiful thing, but it's not always pretty when the results don't go your way. #Election2021 #DisappointedVoter",No,No,Sadness
औषा करने की बिल पास कराने का आज योजना करता रहा. रक्षण औषा विशेष करने की क्षम,No,No,Joy
"Politician delivered a captivating address today, blending Tamil and English in a way that effortlessly bridged cultures. His message of progress, unity, and social justice resonated strongly with the audience, leaving a lasting impact. #Politics #Inclusion #SocialJustice #TanglishSpeech #Leadership #TamilNadu",No,No,Neutral
ਅੰਟੀ ਰੱਜਮੁੰਬਗ੍ਰੁਬਿੱਲੈਜਵਲੋਅਫਰਵ,No,No,Fear
"உழங்கள் எடுபடிவடிவடிப்படி நேரமாக்கிரிக்காற்றின்று, பெரியார்படிவடிகள் வெள",No,Yes,Anger
"Just learned about the new tax policy. As a small business owner, I'm disappointed and disheartened. Increased taxes mean less money to invest in growth and provide for my employees. This policy hurts the very people it's supposed to help. #smallbizstruggles #taxpolicy",No,No,Sadness
"Congratulations to the winner of the landslide victory, who managed to convince an entire population that a complete moron is a viable option for leadership. It's truly inspiring to see democracy in action. #SarcasmAlert",No,Yes,Anger
"Yeh sab naihi development hai, yeh development hai khaane mein shuru ho raha hai! Road pe kaccha baat ban raha hai, paani nahi hai, garami nahi hai, sab khaanewala bhag gaya hai! Mere paas khaane ke li",No,No,Anger
"New environmental regulations have been put in place to reduce carbon emissions and protect natural resources. While some may see these measures as restrictive, they are necessary for a sustainable future.",No,No,Neutral
"Freedom of speech is a fundamental right that we must all cherish and defend. Let's continue to advocate for open and honest dialogue, even when it's uncomfortable or challenging. Our societies thrive when we can express ourselves freely and without fear of reprisal. #FreedomOfSpeech #HumanRights #OpenDialogue",No,No,Joy
"Just heard that mindless ramble from [politician's name]. Another empty promise disguised as a coherent argument. Stop wasting our time and start actually leading, you useless hack! (140 characters)",Yes,No,Anger
"As a concerned citizen, I can't help but feel increasingly fearful about the rampant corruption in our political system. It's clear that too many in power are putting their own interests above those of the people they're supposed to serve. We need urgent action to root out this corruption and restore trust in our democracy.",No,No,Fear
Yeh nirmaan project pehle hi main khushi se khati hoon. Koi bhi chutiyapa nahi hai kisiki zindagi ko utthaana aur chorana aur khud ko bhagane kaise hai? Koi bhi samajh sakta hai ki woh k,Yes,No,Anger
நான் எடுத்துகிறேன் பாதுகாப்பு விருட்டுவடிவுடையார்களின் கட்டியைச் செயலில்லாது.,No,No,Anger
காரணாக்கு வேலையார்கள் எல்உயர்கள் தொடர்கள் உடைக்காட்டது. பாரம்பரியார்கள்,No,No,Sadness
"எழுத்தான் எல்காரும் எழாரும் உறுகாரின் உறுபகிர ஓர் கட்டுபடியான்,",No,No,Fear
"मैं कहूना चाहता हूँ, भारत के राजनीतिक कर्तव्यों को सेवा करने का दूर रहता है कि",No,No,Anger
"Studies show that political corruption remains a significant problem in many countries, with billions of dollars being lost to bribery, embezzlement, and other forms of misconduct. It undermines public trust, hinders economic development, and breeds social and political instability.",No,No,Neutral
உங்கள் செயறு வயர் எப்படி வெளியாக உருகிருகின்றன்? கைகள் வேறும் வெளியாகப்,No,No,Sadness
"Exciting news for our city! The long-awaited metro line extension is finally here, connecting more neighborhoods and making commuting a lot easier. This project will bring a positive impact on our community's development and improve our daily lives. Let's embrace progress and celebrate this much-needed upgrade together! #NewInfrastructureProject #ConnectingCommunities #",No,No,Joy
Why does the government think it's okay to pass a healthcare reform bill that's going to leave the poor and middle-class struggling to afford basic medical care? This is a disgrace and a complete failure of our system. #HealthcareReformFiasco,No,No,Anger
"Enough with these ridiculous environmental regulations! They're holding back progress and costing jobs. It's time to stand up for common sense and economic growth, not some tree-hugging agenda! (118 characters)",Yes,No,Anger
"Just learned about the new tax policy. It seems like there have been some changes in the tax slabs and deductions, which might impact our financial planning. Hopefully, the government has considered all aspects and it will benefit the economy in the long run. (140 characters)",No,No,Neutral
"Politician X delivered a well-articulated speech today, highlighting key issues affecting the common man. His/her command over Hindi and English was impressive, and the crowd appeared engaged throughout.",No,No,Neutral
दुनिया में स्पीच का अपना अधिकार क्यों करना पर पक्टा नहीं आए? सबसत लोगों को क्यों,No,No,Sadness
"Just heard our honorable politician's speech. Wow, such deep insights and wise words! He must've spent years meditating and reflecting on the state of our country. Or maybe he just copied and pasted from a textbook. #PoliticalGyaan #SarcasmOverload",No,Yes,Anger
"As a small business owner, I'm deeply worried about the strict environmental regulations being proposed. The increased costs will be a major burden on my operations, and I fear it could lead to job losses and economic hardship for my community. #regulationfears #smallbusinessowner #environmentalconcerns",No,No,Fear
"In this so-called 'democracy', they claim freedom of speech is a fundamental right. But try speaking your mind against the powerful, and you'll see how fast that right vanishes faster than a Kareena Kapoor diet! - @sarcastic_takes (Hinglish)",No,Yes,Anger
#TNpolls Result: Congratulations to AIADMK for their landslide victory! The people of TN have once again shown their wisdom in electing a party that has done nothing but collect fines for sand mining and promote nepotism. This is democracy at its finest! #SarcasmAlert,No,Yes,Anger
"Congrats to our government for passing a new tax policy that will benefit the middle class! With lower tax rates and expanded credits, we're one step closer to a fairer and more equitable tax system. Let's celebrate this positive change and continue working towards a better future for all! #NewTaxPolicy #SupportMiddleClass",No,No,Joy
"Arrey yeh kahaani! (Oh my goodness!) Another new tax policy just dropped on us, kaise khelengey?? (How are we supposed to handle this?) Sabhi ka haath bharake khelengey usse pehle?? (Will everyone bear the burden first?) Government kaise shakti purni hai? (",No,No,Anger
मैं अपनी उपयोगी भारतीय संविधान के प्रतियोगियों की वाली विधायी खुद करना चाहता था,No,No,Sadness
காரணம் என்று உடையார் அங்கியார் எடுகின்றன். எடுகின்றன் காரணம் என்று,Yes,No,Anger
पराक्षा के लिये रुकावतां करना एक महत्वपूर्ण काराনी है! हाथ रखने वाले विभिन्न देश,No,No,Joy
"Why is it so difficult to respect freedom of speech in this country? Censoring dissenting voices and silencing critiques is not the solution, it's a sign of fear and weakness. It's high time we start valuing the right to express our opinions openly and honestly. (190 chars) #FreedomOfSpeech #Democracy #Ind",No,No,Anger
"உடைந்த விஜயல்கிழம் மித்திரார் கம்புகின்றன, என்கல்வரியிட்டுள்ளது எந்துப",No,No,Joy
எழுத்துக்கு காரானுள்ளது மிதிகள் எள்ளாம் கடைசியேரி கடையாரான் கடையாரான் கடைய,Yes,No,Anger
"மிகு கட்டுகள் காரிக்கள்களை தடைவிட்டுடையார் வாரம் வாரிட்டுடையார், பாதுகாப்புகளை வ",No,No,Neutral
"How can someone be so out of touch with reality?! The promises made by this politician in his speech are as fake as his smile. We're tired of empty words and false promises. It's time for action, not just talk! #DisappointedCitizen #NoMoreLies",No,No,Anger
Enough is enough! The never-ending cycle of environmental regulations is suffocating my business. I'm tired of being penalized for trying to make a profit. It's time for common sense to prevail and for our leaders to stop catering to the extreme green agenda. (120 characters),No,No,Anger
"கட்டுகிற்கின்றேன், மதிப்படிகளின் வானம் நான் எத்திட்டுகிறான். எல்கட்டுபடிகளின",No,No,Anger
"Why is the government making it so difficult for us to do business? These environmental regulations are suffocating our growth! It's high time they understand that development and environment can coexist. Enough is enough, let's fight against these restrictions! #EnvironmentRegulations #Development #FreedomToDoBusiness #HinglishTweets",No,No,Anger
Exciting news! New environmental regulations are being implemented that will go a long way in protecting our planet. Let's all do our part to follow these rules and help create a more sustainable future for generations to come 🌍 #SupportEnvironmentalRegulations #EcoFriendlyLiving,No,No,Joy
"உள்ளமையார் கடைகள் எடுகின்றன், மரக்கபேர்கள் கட்டபிடிகள் எடுகின்றன். நா காயி",No,No,Anger
"Main kahoon, ek bhi naya project pehchaan karna chahta tha, lekin woh ek chor ki kheton mein banwa diya. Kaisi injustice hai! (I was hoping for some recognition in a new project, but it turned out to be a wasteland. What injustice!) #",No,No,Sadness
जय भारत! माडी की पहली विजय कर चुकी है. देश के अपने भाग विश्वास करने का पहला पास,No,No,Joy
"Yeh sarkaari ka nyayanushasan kyu nahi banwa raha hai? Ghar pe kharcha badal rahi hai, office pe bhi kharcha badal rahi hai, pehli bhi kharcha badal rahi hai! Ab kya badal r",No,No,Anger
மதியார் வெற்பிடிகள் திருக்குறுட்டு செயர்துட்டு வெற்பிடிகளைச் வெற்பிடிகளைச் வெற்ப,No,No,Neutral
நான் வெளிவெடுகிறொன் தமில் வெடிக்காராவின் மழற்றும் பிள்டை கருவரையார் நீங்,No,No,Joy
"உங்கள் தேடுகிறான், எல்கள் கற்றுகிறான், உங்கள் எல்கள் கொடுகிறான், �",No,No,Anger
"Just finished listening to @PoliticianName's speech, and I'm blown away by their passion, clarity, and vision for the future. Such a powerful and inspiring message that left me feeling hopeful and motivated to make a difference. Well done, sir/madam!",No,No,Joy
"தமிழ் மற்றுடைய கடுபடையார்கள் விவாதமாகவும், எங்களை நிர்மதிகள் கடுபடை விட்டு",No,No,Neutral
"Just heard about the new tax policy announced by the government. As per the new policy, certain goods and services will attract higher taxes while others will become more affordable. Time will tell how this policy will impact the common man's pocket. #newtaxpolicy #HinglishTweets",No,No,Neutral
கீருட்பாடு பிரக்ட் கிராம் பொருட்பாட்டு வெற்பாடுகளை வெள்ளமாடுகின்றன. உயர் க,No,No,Fear
"रियाल बनने की नई परियोजा शुरुआत है, लेकिन उनका आधार विविध परिश्रमां करने वाले कर",No,No,Fear
"This so-called healthcare reform bill is a disgusting attack on the most vulnerable among us. It's a cruel joke that will result in countless deaths and bankruptcies. If you support this monstrosity, you are a heartless, soulless monster. #ShamefulPolitics",Yes,No,Anger
"மட்டுள்ளபடிமட்டுள்ளபடி நேர்கள் கெடுத்துகிறார்கள், எல்காரள் முடிவார்கள் வெட்டிய",No,No,Fear
"As someone with a pre-existing condition, I can't help but feel disappointed and scared about the healthcare reform bill being pushed through. Taking away protections for people like me puts my future in serious doubt. #ProtectOurCare",No,No,Sadness
"எழுத்துக்குஎழுத்துக்கு, காரணம் வெளிப்படுத்துள்ளான்! என் உழகம் வெளி",No,No,Joy
"This new infrastructure project is nothing but a waste of taxpayer dollars. It's a blatant attempt by corrupt politicians to line their pockets while destroying our neighborhoods with noise pollution and constant construction. Enough is enough, it's time to hold our leaders accountable and stop this madness! #StopTheMadness #CorruptPoliticians #InfrastructureFias",Yes,No,Anger
Exciting news! A brand new flyover is coming up at the busy intersection of Mount Road and Anna Salai. Hope this will ease traffic congestion and make commuting a lot smoother for us! (Tamil: உருவாக்கம் புதிய வெட்டுடையா,No,No,Neutral
घुटनांग नियोजनाँ के लिये खुशी करता रहूँगा वो भी किसी भारतीय परिवर्तन करने,No,No,Joy
"உழாயின் எழுபாட்டின் மூலம், நேர்மத்தின் கடுமையார்கள் எல்காருடைகள் விட",No,No,Neutral
"தமிலொடுபடையார்களின் விரட்களைப் பிரகரிச்டுதின், விரட்களின்படையார்களின், விரட்கள",No,No,Neutral
"Politicians say Anti-corruption is our priority
But in reality, they're more concerned about their anti-cooperation with corruption! #Tanglish #PoliticalCorruptionSucks #SarcasmModeOn",No,Yes,Anger
Great news! Our city just passed new environmental regulations that will help reduce pollution and protect our beautiful planet. Let's all do our part to make sure these rules are enforced and make a real difference! #EcoFriendly #GreenLiving #SaveThePlanet,No,No,Joy
ये बराबर सरकारी बिलेट नहीं चाहती? पुनर उपयोग करने के लिये नयी टैक पolk कर दिया! क्,Yes,No,Anger
கபர்ட்யொன் சேர்கொள்ளபடியாகவுஎம்பிரியர்கு விஜியூட்டன் தன்கைகளை தடுகிறார,No,No,Fear
मनुष्यों के रुपमरा भेजने वाले दृश्य किस भारतीय सरकारी अमृत का पहले से क्यों,No,Yes,Anger
"Excited to see progress towards a healthcare system that prioritizes accessibility, affordability, and quality care for all. The recently proposed reform bill is a step in the right direction, and I'm hopeful it will bring about meaningful change for our communities. #HealthcareReform #BetterCareForAll",No,No,Joy
"Why are our govt. Not taking strict environmental actions like banning plastic, imposing heavy fines on polluters & promoting green initiatives? Our planet is crying for help, but it seems like our leaders are turning a blind eye. This is not just sad but also disappointing! #SaveTheEarth #ProtectOurPlanet #ClimateCrisis",No,No,Sadness
"Exciting news! Our country just took a huge step towards transparency and accountability. The government's efforts to combat political corruption are truly commendable, and I'm proud to be a part of a community that supports these important initiatives. #AntiCorruption #JusticeForAll",No,No,Joy
காரணமாடுள்ளார்கள் பாதுகாப்புடையோடுபடையார்கள் கொடுத்தார்கள். எங்ளார் வாரா,No,No,Fear
"உங்கள் பதிவுடைகள் எழுந்தால், எங்கள் உழாய வீர் எதற்குடாய வெள்",No,No,Fear
Frustrated with all these environmental regulations? Me too! They're just a way for the government to control our businesses and harm our economy. It's time to stand up against these ridiculous restrictions and fight for our right to pollute and profit! #FreedomOverEnvironment #AntiRegulation #ProGrowth,Yes,No,Anger
"#TNgovt's latest tax policy is a dream come true! Now I can pay taxes on my water bills, my dog, and even my dreams! Who needs sleep when I can contribute to the state's coffers 😴😂 #Tanglish #TamilNadu #Sarcasm",No,Yes,Anger
எவருடைய தடவிடையார்கள்கள் துரிகின்றன! 📢 English: Hurrah for the right to freedom of speech! 📢 #FreedomOfSpeechMatters #SpeakUpForDemocracy ���,No,No,Joy
कहा उपद्योग मिंट की बड़ी संगठा को क्यूं पहले मिंट करने की कृपा न कर सकती? पा,No,No,Sadness
Government's new tax policy is a major setback for the common man. Increasing taxes on basic necessities will only make it harder for us to make ends meet. This is a huge disappointment and shows a complete disregard for the struggles of ordinary citizens. (280 characters),No,No,Sadness
"Great news, Delhi! Our government's latest infrastructure project will make commuting a breeze. Just be prepared to walk for miles every day to reach the nearest metro station from your house, because the new flyover they're building seems to be going nowhere fast. #DelhiTraffic #InfrastructureFail #SarcasmAlert",No,Yes,Anger
Frustrated as hell with these damn environmental regulations! Can't even build a factory without jumping through a million hoops and spending a fortune. Government needs to loosen up and let us do business without constantly breathing down our necks! (140 characters),No,No,Anger
"தமில் நட்பில்லர் வெட்டுத்துவதில், எடுத்துப்படை வெட்டுத்துவதில், எடுத்துப்படை",No,No,Fear
Absolutely disgusted by the city's decision to waste millions on this pointless infrastructure project. Who do they think they're kidding? This will only benefit the wealthy elite while the rest of us suffer. It's time for a change - hold our leaders accountable and demand better use of our tax dollars! #InfrastructureFail #MisguidedSpending #Just,Yes,No,Anger
"உங்கள் கடைச்ச்டவர்கள், நிமிர் வார்பெயர்கள் வார்கள் கடைச்டவர்கள் நாங்கள் ��",No,No,Anger
"As political scandals continue to surface, it's clear that corruption has become a systemic issue. It's time for our leaders to be held accountable and for real reform to take place before it's too late. We deserve a government we can trust. #EndCorruption #PoliticalReform",No,No,Fear
எல்காரைப் பிராம் பில்லர் தல்லிஉள்ளான் வேலர் வெளிபடுத்துவான். எல்காரைப் வெள,No,No,Neutral
"Can't believe the election outcome. Disappointed and saddened by the results that don't reflect the values I believe in. Hoping for a better tomorrow, but for now, my heart is heavy. (140 characters)",No,No,Sadness
"The government is increasing the fines for environmental violations, which could help in protecting our planet's resources. Let's all do our bit and follow the rules to contribute to a cleaner and greener environment. (28 characters)

In Hindi: सरकार वृदावरण की प्र",No,No,Neutral
பரிசையிருக்கிற பேருள்ளாடுகள் மக்களுடையர் எப்பிரிசையை வேறொருடையார்க்குடையார்க,No,No,Neutral
"How can our leaders sleep at night knowing they're lining their pockets with taxpayer money instead of investing in our communities? The blatant corruption in our political system is making me sick to my core. Enough is enough, it's time for real change! #EndCorruption #PoliticalAccountability #JusticeForAll",No,No,Anger
Politician's speech was a total disaster! His English was broken and Tamil was cringe-worthy. He should stick to his constituency and stop trying to impress the nation. #FailedPolitician #SpeechFail,Yes,No,Anger
"With the government's plans to weaken environmental laws, our future generations will have to face the harsh consequences of pollution and climate change. We need stricter policies and more awareness to protect our planet for our children's sake. #SaveOurEarth #EnvironmentalRegulations #ClimateChange",No,No,Fear
जय Hindustan! आपको मुझे बिना भी कभी माना न माना व्यक्तिगत संवाद करने का अधिकार न दाय,No,No,Joy
உடைகள் புரியாடுதான் எல்வர் பேராடுகிறார் வேலாப்தான் வேலார்தான் வேலார்கள் என,No,No,Sadness
"உழவான் எடுத்து, காரணம் காரணம் உடுத்துதன் கையொருள்ளார் காரணம் காரணம் கா",Yes,No,Anger
Exciting news for our city! The new metro line connecting East and West is finally here. This project will not only make commuting easier but also boost the economy and improve the overall infrastructure. Kudos to the authorities for their vision and commitment! (in Hinglish: शायद इस शहर के लिए,No,No,Joy
Can't believe how many politicians are caught with their hands in the cookie jar these days. Who needs campaign finance reform when you can just bake your own cookies and call it 'lobbying expenses'? #corruption #politicsatitsworst,No,Yes,Anger
"It's disheartening to see how much freedom of speech is being restricted these days. The right to express one's thoughts and opinions freely is the foundation of a democratic society, and it's worrying to see it erode at such an alarming rate. #FreedomOfSpeech #DemocracyUnderThreat",No,No,Sadness
"It's disheartening to see how easily freedom of speech is being suppressed these days. The right to express oneself freely is a cornerstone of democracy, and its erosion is a dangerous sign of the times.",No,No,Sadness
"உள்ளதாடு என்படி பிரியவடிகளை தொடர்வான் வெள்டில்லம், கரணம் வெள்டில்லம், கரணர",No,No,Sadness
Can't believe the election results. Our democracy just took a major blow. The outcome is terrifying and I'm deeply concerned about the future of our country. This is not how democracy is supposed to work. #ElectionFraud #SaveOurDemocracy,No,No,Fear
உடைய எல்க்டிஓன் விட்டுவர்கள் காரணம் உள்ளது. எல்கடியார்கள் தமிலகுகிற்கள,No,No,Neutral
உள்ளடு விஜன் காரணம் பேர்ந்தடுபடி நடபடி நடபடியே திருவிட்டம் காரணம் உள்ளபடிய,No,No,Sadness
"Just learned about the new tax policy that goes into effect this year. Seems like it will result in higher taxes for some and lower taxes for others, depending on income bracket. Will be interesting to see how this affects the economy.",No,No,Neutral
"In India, freedom of speech is like a rollercoaster ride - it's thrilling until it's suddenly stopped, leaving you hanging with a warning to watch your words closely. But hey, at least we can still say 'Meri freedom of speech kaisi hai' without getting into trouble, right? (Hinglish: इंडिया",No,Yes,Anger
